"","ID","Description","GeneRatio","BgRatio","pvalue","p.adjust","qvalue","geneID","Count"
"GO:0009813","GO:0009813","flavonoid biosynthetic process","5/35","78/21826",1.52777799725018e-07,4.15555615252049e-05,3.15204723643195e-05,"ATRHM1/BRT1/A11/AtCHIL/ATMYB111",5
"GO:0009812","GO:0009812","flavonoid metabolic process","5/35","94/21826",3.90015075689404e-07,5.30420502937589e-05,4.0233134123749e-05,"ATRHM1/BRT1/A11/AtCHIL/ATMYB111",5
"GO:0009943","GO:0009943","adaxial/abaxial axis specification","3/35","28/21826",1.20392742969052e-05,0.000980374963713874,0.0007436280684517,"AS2/ATHB-14/ZPR1",3
"GO:0009733","GO:0009733","response to auxin","6/35","337/21826",1.44172788781452e-05,0.000980374963713874,0.0007436280684517,"ATRHM1/SAUR26/A11/SAUR16/AIL5/ATHB53",6
"GO:0009411","GO:0009411","response to UV","4/35","126/21826",4.8263332926161e-05,0.0021879377593193,0.00165958127254869,"4CL3/DRT100/A11/ATMYB111",4
"GO:0048437","GO:0048437","floral organ development","4/35","255/21826",0.000716687092350195,0.0129959259412835,0.00985759088425532,"HDG12/AS2/ATHB-14/ATWRKY70",4
"GO:0080167","GO:0080167","response to karrikin","3/35","127/21826",0.0010990366583483,0.0175845865335728,0.0133381538722146,"BRT1/A11/AtCHIL",3
"GO:0046148","GO:0046148","pigment biosynthetic process","3/35","149/21826",0.00173873968587214,0.0262742885865123,0.0199294139433298,"ATRHM1/BRT1/ATMYB111",3
