"","ID","Description","GeneRatio","BgRatio","pvalue","p.adjust","qvalue","geneID","Count"
"GO:0048046","GO:0048046","apoplast","10/121","298/25052",1.92903139728163e-06,3.28701474407631e-05,2.8833462667336e-05,"NA/ATDHAR1/ATXYL1/NA/NA/NA/AtENODL2/ATGER3/BGAL6/ATBXL4",10
"GO:0009505","GO:0009505","plant-type cell wall","9/121","235/25052",2.19134316271754e-06,3.28701474407631e-05,2.8833462667336e-05,"ATXYL1/ATC4H/NA/TEB/ROPGAP3/BGLU44/NA/EXO/ATBXL4",9
"GO:0099503","GO:0099503","secretory vesicle","5/121","173/25052",0.00154553868314156,0.0154553868314156,0.0135573568696628,"NA/NA/AtENODL2/ATGER3/DIR1-like",5
"GO:0031012","GO:0031012","extracellular matrix","2/121","21/25052",0.00457542278948865,0.0343156709211649,0.0301014657203201,"ATGER1/ATGER3",2
