"","ID","Description","GeneRatio","BgRatio","pvalue","p.adjust","qvalue","geneID","Count"
"GO:0001708","GO:0001708","cell fate specification","4/110","35/21826",2.83484260710412e-05,0.0139757740530233,0.0126225097137373,"YAB2/ATWRKY44/AFO/YAB3",4
"GO:0019748","GO:0019748","secondary metabolic process","9/110","363/21826",9.35782216547609e-05,0.015545003584833,0.0140397918573382,"ATGSTU18/AtMYB51/4CL.1/ESP/ATMYBL2/SCPL9/ATC4H/CYP84A1/AtCOMT",9
"GO:0071555","GO:0071555","cell wall organization","8/110","283/21826",9.4594342301215e-05,0.015545003584833,0.0140397918573382,"AtMYB51/ATEXT3/TBL37/TEB/ROPGAP3/AtPME41/FLS2/BGAL6",8
"GO:0018958","GO:0018958","phenol-containing compound metabolic process","4/110","69/21826",0.000410349528485451,0.0404604635086655,0.0365427053788096,"ATMYBL2/ACL/ATSAGT1/AtHNL",4
"GO:0009698","GO:0009698","phenylpropanoid metabolic process","5/110","133/21826",0.000571608533224109,0.0469671678132476,0.0424193700971576,"4CL.1/ATMYBL2/ATC4H/CYP84A1/AtCOMT",5
