"","ID","Description","GeneRatio","BgRatio","pvalue","p.adjust","qvalue","geneID","Count"
"GO:0102336","GO:0102336","3-oxo-arachidoyl-CoA synthase activity","2/47","23/21809",0.00111734341382692,0.0159221436470335,0.0111734341382692,"CER60/AtCER6",2
"GO:0102337","GO:0102337","3-oxo-cerotoyl-CoA synthase activity","2/47","23/21809",0.00111734341382692,0.0159221436470335,0.0111734341382692,"CER60/AtCER6",2
"GO:0102338","GO:0102338","3-oxo-lignoceronyl-CoA synthase activity","2/47","23/21809",0.00111734341382692,0.0159221436470335,0.0111734341382692,"CER60/AtCER6",2
"GO:0102756","GO:0102756","very-long-chain 3-ketoacyl-CoA synthase activity","2/47","23/21809",0.00111734341382692,0.0159221436470335,0.0111734341382692,"CER60/AtCER6",2
