"","ID","Description","GeneRatio","BgRatio","pvalue","p.adjust","qvalue","geneID","Count"
"GO:0016998","GO:0016998","cell wall macromolecule catabolic process","3/38","33/21826",2.56228915497583e-05,0.00484272650290431,0.00388389092964757,"NA/NA/NA",3
"GO:0006026","GO:0006026","aminoglycan catabolic process","2/38","16/21826",0.000348780851877797,0.00941708300070052,0.00755254776998538,"NA/ChiC",2
"GO:0006030","GO:0006030","chitin metabolic process","2/38","16/21826",0.000348780851877797,0.00941708300070052,0.00755254776998538,"NA/ChiC",2
"GO:0006032","GO:0006032","chitin catabolic process","2/38","16/21826",0.000348780851877797,0.00941708300070052,0.00755254776998538,"NA/ChiC",2
"GO:0046348","GO:0046348","amino sugar catabolic process","2/38","16/21826",0.000348780851877797,0.00941708300070052,0.00755254776998538,"NA/ChiC",2
"GO:1901072","GO:1901072","glucosamine-containing compound catabolic process","2/38","16/21826",0.000348780851877797,0.00941708300070052,0.00755254776998538,"NA/ChiC",2
"GO:0006022","GO:0006022","aminoglycan metabolic process","2/38","21/21826",0.000607023284678733,0.0127474889782534,0.0102235500577471,"NA/ChiC",2
"GO:1901071","GO:1901071","glucosamine-containing compound metabolic process","2/38","25/21826",0.000863375938101177,0.0163178052301122,0.0130869615880599,"NA/ChiC",2
"GO:0006820","GO:0006820","anion transport","4/38","298/21826",0.00174412225552605,0.0299671914813112,0.0240338377794977,"NIP6/AtNIP5;1/AtLHT1/AtNPF2.11",4
