"","ID","Description","GeneRatio","BgRatio","pvalue","p.adjust","qvalue","geneID","Count"
"GO:0004568","GO:0004568","chitinase activity","4/35","23/21809",4.81489020228832e-08,3.56301874969336e-06,2.78756801185113e-06,"NA/NA/NA/ChiC",4
"GO:0008509","GO:0008509","anion transmembrane transporter activity","5/35","336/21809",0.00018709624418629,0.00692256103489274,0.00541594391065577,"NIP6/ATPT2/AtNIP5;1/AtLHT1/AtNPF2.11",5
"GO:0005372","GO:0005372","water transmembrane transporter activity","2/35","36/21809",0.00152319119013458,0.0187860246783265,0.0146974588521757,"NIP6/AtNIP5;1",2
"GO:0015250","GO:0015250","water channel activity","2/35","36/21809",0.00152319119013458,0.0187860246783265,0.0146974588521757,"NIP6/AtNIP5;1",2
