"","ID","Description","GeneRatio","BgRatio","pvalue","p.adjust","qvalue","geneID","Count"
"GO:0070403","GO:0070403","NAD+ binding","2/53","12/21809",0.000376530328592973,0.0296233487262715,0.0202980244499775,"UXS6/ATUXS2",2
"GO:0016831","GO:0016831","carboxy-lyase activity","3/53","67/21809",0.000581650826932162,0.0296233487262715,0.0202980244499775,"UXS6/ATUXS2/PCK2",3
"GO:0030246","GO:0030246","carbohydrate binding","4/53","176/21809",0.000881801690407386,0.0296233487262715,0.0202980244499775,"NA/ARD/NA/NA",4
"GO:0016829","GO:0016829","lyase activity","5/53","343/21809",0.00144481467591079,0.0296233487262715,0.0202980244499775,"NA/UXS6/ATUXS2/NA/PCK2",5
"GO:0005385","GO:0005385","zinc ion transmembrane transporter activity","2/53","25/21809",0.00167722222012813,0.0296233487262715,0.0202980244499775,"ZIP5/ATZIP6",2
"GO:0016717","GO:0016717","oxidoreductase activity, acting on paired donors, with oxidation of a pair of donors resulting in the reduction of molecular oxygen to two molecules of water","2/53","26/21809",0.0018141683533467,0.0296233487262715,0.0202980244499775,"NA/AAD6",2
"GO:0015112","GO:0015112","nitrate transmembrane transporter activity","2/53","27/21809",0.00195625887815,0.0296233487262715,0.0202980244499775,"ATNRT2.5/ATNRT2.3",2
"GO:0016837","GO:0016837","carbon-oxygen lyase activity, acting on polysaccharides","2/53","32/21809",0.00274301045724766,0.0323065676075836,0.0221365756198934,"NA/NA",2
"GO:0016701","GO:0016701","oxidoreductase activity, acting on single donors with incorporation of molecular oxygen","2/53","38/21809",0.00385173733529095,0.040828415754084,0.0279757764352711,"ARD/MIOX4",2
