"","ID","Description","GeneRatio","BgRatio","pvalue","p.adjust","qvalue","geneID","Count"
"GO:0005996","GO:0005996","monosaccharide metabolic process","5/49","134/21826",1.24233376069854e-05,0.00334187781627908,0.00269390268109369,"UXS6/ATUXS2/MIOX4/DUR/PCK2",5
"GO:0009226","GO:0009226","nucleotide-sugar biosynthetic process","3/49","42/21826",0.000114776265866455,0.0154374077590381,0.012444163562363,"UXS6/ATUXS2/DUR",3
"GO:0009225","GO:0009225","nucleotide-sugar metabolic process","3/49","52/21826",0.000217496483170226,0.0180281587005423,0.0145325795042525,"UXS6/ATUXS2/DUR",3
"GO:0071249","GO:0071249","cellular response to nitrate","2/49","11/21826",0.000268076709301745,0.0180281587005423,0.0145325795042525,"ATNRT2.5/ATNRT2.3",2
"GO:1902170","GO:1902170","cellular response to reactive nitrogen species","2/49","15/21826",0.000508854487074858,0.0273763714046274,0.0220682156499833,"ATNRT2.5/ATNRT2.3",2
"GO:0071577","GO:0071577","zinc ion transmembrane transport","2/49","22/21826",0.00110830338664646,0.0425905158582712,0.0343324056615295,"ZIP5/ATZIP6",2
"GO:0010167","GO:0010167","response to nitrate","2/49","26/21826",0.00155039366187688,0.0499751062010742,0.0402851570237577,"ATNRT2.5/ATNRT2.3",2
"GO:0006829","GO:0006829","zinc ion transport","2/49","27/21826",0.00167202957550062,0.0499751062010742,0.0402851570237577,"ZIP5/ATZIP6",2
