"","ID","Description","GeneRatio","BgRatio","pvalue","p.adjust","qvalue","geneID","Count"
"GO:0009768","GO:0009768","photosynthesis, light harvesting in photosystem I","3/30","23/21826",4.07353528218957e-06,0.000904324832646084,0.000638901849522364,"Lhca5/LHB1B1/LHCB2",3
"GO:0009409","GO:0009409","response to cold","6/30","425/21826",2.10216299233126e-05,0.00155560061432514,0.00109902556441178,"CRB/Lhca5/ATCAX1/ATBCA1/ESM1/LHCB2",6
"GO:0009645","GO:0009645","response to low light intensity stimulus","2/30","20/21826",0.000341711331059603,0.0151719830990464,0.0107189449111328,"Lhca5/LHCB2",2
"GO:0010118","GO:0010118","stomatal movement","3/30","150/21826",0.00112732539672519,0.0291091865272384,0.0205655229613965,"AtLrgB/ATBCA1/LHCB2",3
"GO:0042631","GO:0042631","cellular response to water deprivation","2/30","38/21826",0.00124504444311768,0.0291091865272384,0.0205655229613965,"CRB/AtLrgB",2
"GO:0071462","GO:0071462","cellular response to water stimulus","2/30","39/21826",0.00131122461834407,0.0291091865272384,0.0205655229613965,"CRB/AtLrgB",2
"GO:0009414","GO:0009414","response to water deprivation","4/30","397/21826",0.00203224357725444,0.0410143703773169,0.0289764873694652,"CRB/AtLrgB/LDAP2/LHCB2",4
"GO:0001101","GO:0001101","response to acid chemical","4/30","438/21826",0.0028998700533083,0.0485618197670139,0.0343087299444527,"CRB/AtLrgB/LDAP2/LHCB2",4
"GO:0071229","GO:0071229","cellular response to acid chemical","2/30","61/21826",0.00317806522535309,0.0485618197670139,0.0343087299444527,"CRB/AtLrgB",2
