"","ID","Description","GeneRatio","BgRatio","pvalue","p.adjust","qvalue","geneID","Count"
"GO:0009505","GO:0009505","plant-type cell wall","2/38","235/25052",0.0493880192547442,0.204982321086817,0.17261669144153,"ATEXP4/AGAL2",2
"GO:0031225","GO:0031225","anchored component of membrane","2/38","314/25052",0.0819929284347267,0.204982321086817,0.17261669144153,"AGP25/NA",2
"GO:0099503","GO:0099503","secretory vesicle","1/38","173/25052",0.231657565179798,0.38609594196633,0.325133424813752,"AGAL2",1
"GO:0048046","GO:0048046","apoplast","1/38","298/25052",0.365595119148361,0.456993898935452,0.384836967524591,"AGAL2",1
"GO:0016021","GO:0016021","integral component of membrane","1/38","418/25052",0.47263744282612,0.47263744282612,0.398010478169364,"AHA1",1
