"","ID","Description","GeneRatio","BgRatio","pvalue","p.adjust","qvalue","geneID","Count"
"GO:1905392","GO:1905392","plant organ morphogenesis","8/39","445/21826",9.90956924226229e-07,0.00011325149358576,8.30576096185471e-05,"AIR3/DROP1/TCP10/ATAIG1/ATHB51/TCP17/AGAL2/TCP5",8
"GO:0010016","GO:0010016","shoot system morphogenesis","6/39","199/21826",1.3528219866838e-06,0.00011325149358576,8.30576096185471e-05,"TCP10/ATHB51/TCP17/AGAL2/TCP5/ERL1",6
"GO:0040034","GO:0040034","regulation of development, heterochronic","4/39","49/21826",1.74009686201758e-06,0.00011325149358576,8.30576096185471e-05,"TCP10/ATHB51/TCP17/TCP5",4
"GO:0009965","GO:0009965","leaf morphogenesis","5/39","115/21826",1.85658186206164e-06,0.00011325149358576,8.30576096185471e-05,"TCP10/ATHB51/TCP17/AGAL2/TCP5",5
"GO:0009938","GO:0009938","negative regulation of gibberellic acid mediated signaling pathway","2/39","16/21826",0.00036747675652811,0.014245198230096,0.0104472980979997,"AtSTY1/SRS2",2
"GO:0048440","GO:0048440","carpel development","3/39","81/21826",0.00040867371971587,0.014245198230096,0.0104472980979997,"AtSTY1/SRS2/ERL1",3
"GO:0010252","GO:0010252","auxin homeostasis","2/39","39/21826",0.00221106266885415,0.044958274266701,0.0329719871671233,"AtSTY1/SRS2",2
