"","ID","Description","GeneRatio","BgRatio","pvalue","p.adjust","qvalue","geneID","Count"
"GO:0071669","GO:0071669","plant-type cell wall organization or biogenesis","8/38","303/21826",4.28451324651072e-08,1.01971415266955e-05,7.93762454090407e-06,"ANAC007/VRLK1/TBL33/ROPGAP4/ATFLA11/RIC4/ATEXP14/AtFLA12",8
"GO:0009834","GO:0009834","plant-type secondary cell wall biogenesis","5/38","88/21826",4.2925832084564e-07,5.10817401806311e-05,3.97628760362277e-05,"ANAC007/VRLK1/TBL33/ATFLA11/AtFLA12",5
"GO:1903338","GO:1903338","regulation of cell wall organization or biogenesis","3/38","46/21826",7.01844903755251e-05,0.00334078174187499,0.00260052006444051,"ANAC007/VRLK1/ANAC101",3
"GO:0048759","GO:0048759","xylem vessel member cell differentiation","2/38","11/21826",0.000160738774205218,0.00637597137680696,0.00496316215089795,"ANAC007/ANAC101",2
"GO:1905177","GO:1905177","tracheary element differentiation","2/38","17/21826",0.000394850898368023,0.0134249305445128,0.0104501891898905,"ANAC007/ANAC101",2
"GO:2000652","GO:2000652","regulation of secondary cell wall biogenesis","2/38","30/21826",0.00124504444311768,0.0370400721827509,0.0288326081564093,"ANAC007/VRLK1",2
"GO:0071555","GO:0071555","cell wall organization","4/38","283/21826",0.00144369654877871,0.0381777531788149,0.0297181979631642,"ROPGAP4/NA/RIC4/ATEXP14",4
"GO:0044087","GO:0044087","regulation of cellular component biogenesis","3/38","142/21826",0.0019252153373871,0.0458201250298131,0.0356671473031716,"ANAC007/VRLK1/RIC4",3
"GO:0010089","GO:0010089","xylem development","2/38","42/21826",0.0024321168903481,0.0494660115022814,0.0385051659637396,"ANAC007/ANAC101",2
