"","ID","Description","GeneRatio","BgRatio","pvalue","p.adjust","qvalue","geneID","Count"
"GO:0010168","GO:0010168","ER body","5/40","12/25052",6.28864094041963e-12,1.00618255046714e-10,8.60550865531107e-11,"ERMO3/BGLU23/NAI2/MEB1/MEB2",5
"GO:0009986","GO:0009986","cell surface","2/40","19/25052",0.000417819530659565,0.00334255624527652,0.00285876520977597,"ANN3/ANNAT2",2
