"","ID","Description","GeneRatio","BgRatio","pvalue","p.adjust","qvalue","geneID","Count"
"GO:0009943","GO:0009943","adaxial/abaxial axis specification","3/23","28/21826",3.29144367436018e-06,0.00072082616468488,0.000505842922585881,"AS2/ATHB-14/ZPR1",3
"GO:0009733","GO:0009733","response to auxin","5/23","337/21826",2.28055611363482e-05,0.00124860447221506,0.000876213664712324,"ATRHM1/SAUR26/SAUR16/AIL5/ATHB53",5
"GO:0048437","GO:0048437","floral organ development","4/23","255/21826",0.000135291290763323,0.00397203194691894,0.00278739083994311,"HDG12/AS2/ATHB-14/ATWRKY70",4
"GO:0051553","GO:0051553","flavone biosynthetic process","2/23","19/21826",0.000179672777624656,0.00397203194691894,0.00278739083994311,"ATRHM1/ATMYB111",2
"GO:0051555","GO:0051555","flavonol biosynthetic process","2/23","19/21826",0.000179672777624656,0.00397203194691894,0.00278739083994311,"ATRHM1/ATMYB111",2
"GO:0051552","GO:0051552","flavone metabolic process","2/23","20/21826",0.000199508453954833,0.00397203194691894,0.00278739083994311,"ATRHM1/ATMYB111",2
"GO:0051554","GO:0051554","flavonol metabolic process","2/23","20/21826",0.000199508453954833,0.00397203194691894,0.00278739083994311,"ATRHM1/ATMYB111",2
"GO:0048532","GO:0048532","anatomical structure arrangement","2/23","85/21826",0.00359586469750008,0.0473958258367472,0.0332602286573665,"ATHB-14/ZPR1",2
"GO:0009734","GO:0009734","auxin-activated signaling pathway","2/23","86/21826",0.00367912803298951,0.0473958258367472,0.0332602286573665,"ATRHM1/AIL5",2
