"","ID","Description","GeneRatio","BgRatio","pvalue","p.adjust","qvalue","geneID","Count"
"GO:0080008","GO:0080008","Cul4-RING E3 ubiquitin ligase complex","1/25","130/25052",0.12201909580668,0.364674900323619,0.364674900323619,"NA",1
"GO:0031461","GO:0031461","cullin-RING ubiquitin ligase complex","1/25","241/25052",0.214771430003257,0.364674900323619,0.364674900323619,"NA",1
"GO:0000151","GO:0000151","ubiquitin ligase complex","1/25","318/25052",0.273506175242714,0.364674900323619,0.364674900323619,"NA",1
"GO:0005654","GO:0005654","nucleoplasm","1/25","473/25052",0.379209567747997,0.379209567747997,0.379209567747997,"AS2",1
