"","ID","Description","GeneRatio","BgRatio","pvalue","p.adjust","qvalue","geneID","Count"
"GO:0031225","GO:0031225","anchored component of membrane","7/39","314/25052",4.95647260919616e-07,2.9738835655177e-06,1.56520187658826e-06,"NA/AtENODL9/LTPG5/NA/NA/NA/NA",7
"GO:0046658","GO:0046658","anchored component of plasma membrane","4/39","173/25052",0.000149589932465114,0.000448769797395342,0.000236194630208075,"NA/AtENODL9/NA/NA",4
"GO:0031226","GO:0031226","intrinsic component of plasma membrane","4/39","271/25052",0.000817820027054845,0.00163564005410969,0.000860863186373521,"NA/AtENODL9/NA/NA",4
"GO:0005643","GO:0005643","nuclear pore","1/39","45/25052",0.0677651970374538,0.101647795556181,0.0534988397664109,"NTL",1
"GO:0005635","GO:0005635","nuclear envelope","1/39","108/25052",0.155171760451921,0.186206112542306,0.0980032171275292,"NTL",1
"GO:0048046","GO:0048046","apoplast","1/39","298/25052",0.373152992918802,0.373152992918802,0.196396312062527,"CLE26",1
