"","ID","Description","GeneRatio","BgRatio","pvalue","p.adjust","qvalue","geneID","Count"
"GO:0030133","GO:0030133","transport vesicle","1/30","56/25052",0.0649679851631789,0.194903955489537,0.194903955489537,"MyoB1",1
"GO:0031225","GO:0031225","anchored component of membrane","1/30","314/25052",0.315190667205435,0.396540733042501,0.396540733042501,"NA",1
"GO:0016021","GO:0016021","integral component of membrane","1/30","418/25052",0.396540733042501,0.396540733042501,0.396540733042501,"MyoB1",1
