"","ID","Description","GeneRatio","BgRatio","pvalue","p.adjust","qvalue","geneID","Count"
"GO:0000322","GO:0000322","storage vacuole","2/68","12/25052",0.000470794837502467,0.00612033288753207,0.0054513086447654,"GAMMA-TIP/AQP1",2
"GO:0000326","GO:0000326","protein storage vacuole","2/68","12/25052",0.000470794837502467,0.00612033288753207,0.0054513086447654,"GAMMA-TIP/AQP1",2
