"","ID","Description","GeneRatio","BgRatio","pvalue","p.adjust","qvalue","geneID","Count"
"GO:0090558","GO:0090558","plant epidermis development","6/24","283/21826",4.98478980375257e-07,5.22540542145485e-05,3.66695117295077e-05,"AtSDD1/NA/atEPF1/MUTE/MDIS2/WVD2",6
"GO:0010374","GO:0010374","stomatal complex development","4/24","66/21826",7.74134136511829e-07,5.22540542145485e-05,3.66695117295077e-05,"AtSDD1/NA/atEPF1/MUTE",4
"GO:0010103","GO:0010103","stomatal complex morphogenesis","3/24","30/21826",4.65115119164805e-06,0.000156976352718122,0.000110158844012717,"AtSDD1/NA/atEPF1",3
"GO:0090698","GO:0090698","post-embryonic plant morphogenesis","4/24","201/21826",6.42007617017023e-05,0.00173342056594596,0.00121643548487436,"AtSDD1/NA/atEPF1/ATNEK5",4
"GO:0090627","GO:0090627","plant epidermal cell differentiation","3/24","172/21826",0.000861759101392982,0.0148684171754073,0.0104339769651981,"NA/atEPF1/MDIS2",3
"GO:0045168","GO:0045168","cell-cell signaling involved in cell fate commitment","2/24","40/21826",0.000881091388172282,0.0148684171754073,0.0104339769651981,"CLE9/CLE10",2
"GO:0010016","GO:0010016","shoot system morphogenesis","3/24","199/21826",0.0013120509832846,0.019680764749269,0.0138110629819431,"AtSDD1/NA/atEPF1",3
