"","ID","Description","GeneRatio","BgRatio","pvalue","p.adjust","qvalue","geneID","Count"
"GO:0016783","GO:0016783","sulfurtransferase activity","2/40","14/21809",0.000294347474937457,0.0188382383959972,0.0139427751286164,"STR16/STR18",2
"GO:0016411","GO:0016411","acylglycerol O-acyltransferase activity","2/40","24/21809",0.000882448019823249,0.028238336634344,0.0209000846800243,"NA/LPAT5",2
