"","ID","Description","GeneRatio","BgRatio","pvalue","p.adjust","qvalue","geneID","Count"
"GO:0009505","GO:0009505","plant-type cell wall","3/45","235/25052",0.00865295088168207,0.0692236070534566,0.0364334773965561,"EXL1/NA/DGR2",3
"GO:0045239","GO:0045239","tricarboxylic acid cycle enzyme complex","1/45","16/25052",0.0283646381310568,0.0810507322793907,0.0426582801470478,"FUM2",1
"GO:0099503","GO:0099503","secretory vesicle","2/45","173/25052",0.0386676048946541,0.0810507322793907,0.0426582801470478,"NA/SKS6",2
"GO:0033178","GO:0033178","proton-transporting two-sector ATPase complex, catalytic domain","1/45","23/25052",0.0405253661396954,0.0810507322793907,0.0426582801470478,"VHA-E3",1
"GO:0016469","GO:0016469","proton-transporting two-sector ATPase complex","1/45","52/25052",0.0893394697611513,0.133429918696505,0.0702262729981603,"VHA-E3",1
"GO:0048046","GO:0048046","apoplast","2/45","298/25052",0.100072439022378,0.133429918696505,0.0702262729981603,"NA/SKS6",2
"GO:0005615","GO:0005615","extracellular space","1/45","130/25052",0.208898224173762,0.238740827627156,0.125653067172188,"CLEL",1
"GO:0005730","GO:0005730","nucleolus","1/45","486/25052",0.586188968044884,0.586188968044884,0.308520509497307,"SAUR66",1
