"","ID","Description","GeneRatio","BgRatio","pvalue","p.adjust","qvalue","geneID","Count"
"GO:0012511","GO:0012511","monolayer-surrounded lipid storage body","1/23","22/25052",0.0200127757008276,0.120076654204966,0.0842643187403267,"OLE3",1
"GO:0005811","GO:0005811","lipid droplet","1/23","49/25052",0.0440505887126565,0.13215176613797,0.0927380815003296,"OLE3",1
"GO:1990204","GO:1990204","oxidoreductase complex","1/23","141/25052",0.121793574915484,0.221082190677757,0.155145396966847,"NA",1
"GO:0046658","GO:0046658","anchored component of plasma membrane","1/23","173/25052",0.147388127118504,0.221082190677757,0.155145396966847,"NA",1
"GO:0031226","GO:0031226","intrinsic component of plasma membrane","1/23","271/25052",0.221408291082805,0.251908904797658,0.176778178805374,"NA",1
"GO:0031225","GO:0031225","anchored component of membrane","1/23","314/25052",0.251908904797658,0.251908904797658,0.176778178805374,"NA",1
