"","ID","Description","GeneRatio","BgRatio","pvalue","p.adjust","qvalue","geneID","Count"
"GO:0046658","GO:0046658","anchored component of plasma membrane","1/21","173/25052",0.13547903439467,0.336967119046111,0.336967119046111,"NA",1
"GO:0031226","GO:0031226","intrinsic component of plasma membrane","1/21","271/25052",0.204271186320728,0.336967119046111,0.336967119046111,"NA",1
"GO:0005802","GO:0005802","trans-Golgi network","1/21","312/25052",0.231476412503586,0.336967119046111,0.336967119046111,"FL3",1
"GO:0031225","GO:0031225","anchored component of membrane","1/21","314/25052",0.232780573508582,0.336967119046111,0.336967119046111,"NA",1
"GO:0098791","GO:0098791","Golgi apparatus subcompartment","1/21","390/25052",0.280805932538425,0.336967119046111,0.336967119046111,"FL3",1
"GO:0005730","GO:0005730","nucleolus","1/21","486/25052",0.337385595407877,0.337385595407877,0.337385595407877,"DOF2.1",1
