"","ID","Description","GeneRatio","BgRatio","pvalue","p.adjust","qvalue","geneID","Count"
"GO:0005874","GO:0005874","microtubule","3/52","169/25052",0.00523096230357819,0.0446544385193617,0.0330773618661939,"TUB1/WDL3/IQD16",3
"GO:0099081","GO:0099081","supramolecular polymer","3/52","184/25052",0.00661547237323878,0.0446544385193617,0.0330773618661939,"TUB1/WDL3/IQD16",3
"GO:0099512","GO:0099512","supramolecular fiber","3/52","184/25052",0.00661547237323878,0.0446544385193617,0.0330773618661939,"TUB1/WDL3/IQD16",3
"GO:0099513","GO:0099513","polymeric cytoskeletal fiber","3/52","184/25052",0.00661547237323878,0.0446544385193617,0.0330773618661939,"TUB1/WDL3/IQD16",3
