"","ID","Description","GeneRatio","BgRatio","pvalue","p.adjust","qvalue","geneID","Count"
"GO:0000272","GO:0000272","polysaccharide catabolic process","4/45","143/21826",0.000213660634566655,0.034720659633851,0.0290723226599231,"NA/NA/AT-BETA-AMY/NA",4
"GO:0045488","GO:0045488","pectin metabolic process","4/45","167/21826",0.000385736069620367,0.034720659633851,0.0290723226599231,"AtERF014/NA/NA/NA",4
"GO:0010393","GO:0010393","galacturonan metabolic process","4/45","168/21826",0.00039455295038467,0.034720659633851,0.0290723226599231,"AtERF014/NA/NA/NA",4
