"","ID","Description","GeneRatio","BgRatio","pvalue","p.adjust","qvalue","geneID","Count"
"GO:0009505","GO:0009505","plant-type cell wall","2/37","235/25052",0.0470726985949981,0.235363492974991,0.198200836189466,"NA/sks9",2
"GO:0005615","GO:0005615","extracellular space","1/37","130/25052",0.175220616696465,0.382449654312589,0.322062866789548,"PR-1-LIKE",1
"GO:0048046","GO:0048046","apoplast","1/37","298/25052",0.357946429805246,0.382449654312589,0.322062866789548,"AtPMEI11",1
"GO:0005777","GO:0005777","peroxisome","1/37","324/25052",0.382449654312589,0.382449654312589,0.322062866789548,"PLA",1
"GO:0042579","GO:0042579","microbody","1/37","324/25052",0.382449654312589,0.382449654312589,0.322062866789548,"PLA",1
