"","ID","Description","GeneRatio","BgRatio","pvalue","p.adjust","qvalue","geneID","Count"
"GO:0006538","GO:0006538","glutamate catabolic process","2/47","11/21826",0.000246556403145352,0.024922685346823,0.0208303145812201,"GAD2/GDH1",2
"GO:0000272","GO:0000272","polysaccharide catabolic process","4/47","143/21826",0.000253196908481385,0.024922685346823,0.0208303145812201,"NA/NA/AT-BETA-AMY/NA",4
"GO:0043649","GO:0043649","dicarboxylic acid catabolic process","2/47","14/21826",0.000406261104856121,0.024922685346823,0.0208303145812201,"GAD2/GDH1",2
"GO:0045488","GO:0045488","pectin metabolic process","4/47","167/21826",0.000456320434498685,0.024922685346823,0.0208303145812201,"AtERF014/NA/NA/NA",4
"GO:0010393","GO:0010393","galacturonan metabolic process","4/47","168/21826",0.000466716954060356,0.024922685346823,0.0208303145812201,"AtERF014/NA/NA/NA",4
"GO:0006536","GO:0006536","glutamate metabolic process","2/47","27/21826",0.00153930274104625,0.0467328938554284,0.0390592292424633,"GAD2/GDH1",2
