"","ID","Description","GeneRatio","BgRatio","pvalue","p.adjust","qvalue","geneID","Count"
"GO:0018995","GO:0018995","host cellular component","1/24","161/25052",0.143420581426003,0.153281365122759,0.153281365122759,"AT-HSFA6B",1
"GO:0033643","GO:0033643","host cell part","1/24","161/25052",0.143420581426003,0.153281365122759,0.153281365122759,"AT-HSFA6B",1
"GO:0033646","GO:0033646","host intracellular part","1/24","161/25052",0.143420581426003,0.153281365122759,0.153281365122759,"AT-HSFA6B",1
"GO:0033647","GO:0033647","host intracellular organelle","1/24","161/25052",0.143420581426003,0.153281365122759,0.153281365122759,"AT-HSFA6B",1
"GO:0033648","GO:0033648","host intracellular membrane-bounded organelle","1/24","161/25052",0.143420581426003,0.153281365122759,0.153281365122759,"AT-HSFA6B",1
"GO:0042025","GO:0042025","host cell nucleus","1/24","161/25052",0.143420581426003,0.153281365122759,0.153281365122759,"AT-HSFA6B",1
"GO:0043656","GO:0043656","host intracellular region","1/24","161/25052",0.143420581426003,0.153281365122759,0.153281365122759,"AT-HSFA6B",1
"GO:0043657","GO:0043657","host cell","1/24","161/25052",0.143420581426003,0.153281365122759,0.153281365122759,"AT-HSFA6B",1
"GO:0099503","GO:0099503","secretory vesicle","1/24","173/25052",0.153281365122759,0.153281365122759,0.153281365122759,"ATHCHIB",1
