"","ID","Description","GeneRatio","BgRatio","pvalue","p.adjust","qvalue","geneID","Count"
"GO:0048859","GO:0048859","formation of anatomical boundary","3/24","16/21826",6.48053944430345e-07,4.11514254713269e-05,3.13794541513641e-05,"AtMYB117/ANAC031/LOB",3
"GO:0090691","GO:0090691","formation of plant organ boundary","3/24","16/21826",6.48053944430345e-07,4.11514254713269e-05,3.13794541513641e-05,"AtMYB117/ANAC031/LOB",3
"GO:0048441","GO:0048441","petal development","2/24","17/21826",0.000156016909151831,0.00396282949245651,0.00302180118778284,"ROT3/RAB",2
"GO:0048465","GO:0048465","corolla development","2/24","17/21826",0.000156016909151831,0.00396282949245651,0.00302180118778284,"ROT3/RAB",2
"GO:0015706","GO:0015706","nitrate transport","2/24","40/21826",0.000881091388172282,0.0186497677163133,0.0142211241599737,"AtNPF1.2/NRT1.12",2
