"","ID","Description","GeneRatio","BgRatio","pvalue","p.adjust","qvalue","geneID","Count"
"GO:0010817","GO:0010817","regulation of hormone levels","3/14","254/21826",0.000515607048608,0.0473960094083885,0.0323508945797389,"LAX3/ATMES17/BG4",3
"GO:0009733","GO:0009733","response to auxin","3/14","337/21826",0.00117032165234461,0.0473960094083885,0.0323508945797389,"BGL2/LAX3/BG4",3
"GO:0009734","GO:0009734","auxin-activated signaling pathway","2/14","86/21826",0.00135413420994955,0.0473960094083885,0.0323508945797389,"BGL2/BG4",2
"GO:0071365","GO:0071365","cellular response to auxin stimulus","2/14","107/21826",0.00208494171660199,0.0473960094083885,0.0323508945797389,"BGL2/BG4",2
"GO:0060918","GO:0060918","auxin transport","2/14","114/21826",0.00236197018273807,0.0473960094083885,0.0323508945797389,"LAX3/BG4",2
"GO:0009914","GO:0009914","hormone transport","2/14","117/21826",0.00248575274695086,0.0473960094083885,0.0323508945797389,"LAX3/BG4",2
"GO:1905392","GO:1905392","plant organ morphogenesis","3/14","445/21826",0.00259196926452125,0.0473960094083885,0.0323508945797389,"LAX3/AT3G01472.1/AGP14",3
