"","ID","Description","GeneRatio","BgRatio","pvalue","p.adjust","qvalue","geneID","Count"
"GO:0046658","GO:0046658","anchored component of plasma membrane","1/11","173/25052",0.073406912740838,0.129573914120944,0.129573914120944,"NA",1
"GO:0031226","GO:0031226","intrinsic component of plasma membrane","1/11","271/25052",0.112782209937577,0.129573914120944,0.129573914120944,"NA",1
"GO:0031225","GO:0031225","anchored component of membrane","1/11","314/25052",0.129573914120944,0.129573914120944,0.129573914120944,"NA",1
