"","ID","Description","GeneRatio","BgRatio","pvalue","p.adjust","qvalue","geneID","Count"
"GO:1905392","GO:1905392","plant organ morphogenesis","9/45","445/21826",2.5961520634352e-07,7.0355720919094e-05,5.6022228737286e-05,"AIR3/DROP1/TCP10/ATAIG1/ATHB51/TCP17/AGAL2/TCP5/ATPSK5",9
"GO:0040034","GO:0040034","regulation of development, heterochronic","4/45","49/21826",3.12109275762633e-06,0.000260275771314467,0.000207250080091147,"TCP10/ATHB51/TCP17/TCP5",4
"GO:0009938","GO:0009938","negative regulation of gibberellic acid mediated signaling pathway","2/45","16/21826",0.000489703357952121,0.0221182683341708,0.0176121383123131,"AtSTY1/SRS2",2
"GO:0048440","GO:0048440","carpel development","3/45","81/21826",0.000624460566141904,0.0241755447749223,0.0192502881291865,"AtSTY1/SRS2/ERL1",3
