"","ID","Description","GeneRatio","BgRatio","pvalue","p.adjust","qvalue","geneID","Count"
"GO:0005342","GO:0005342","organic acid transmembrane transporter activity","7/68","121/21809",9.95095437496341e-08,4.22915560935945e-06,3.14240664472529e-06,"UMAMIT28/SIAR1/UMAMIT11/ATFRD3/NA/UMAMIT29/LHT7",7
"GO:0046943","GO:0046943","carboxylic acid transmembrane transporter activity","7/68","121/21809",9.95095437496341e-08,4.22915560935945e-06,3.14240664472529e-06,"UMAMIT28/SIAR1/UMAMIT11/ATFRD3/NA/UMAMIT29/LHT7",7
"GO:0005381","GO:0005381","iron ion transmembrane transporter activity","4/68","23/21809",7.31843716101699e-07,1.24413431737289e-05,9.2443416770741e-06,"ABS4/AtVTL2/ATFRD3/AtVTL5",4
"GO:0008509","GO:0008509","anion transmembrane transporter activity","9/68","336/21809",9.74009550968338e-07,1.37984686387181e-05,1.02527321154562e-05,"UMAMIT28/SIAR1/PHO1;H1/UMAMIT11/ATFRD3/ATPHO1/NA/UMAMIT29/LHT7",9
"GO:0008324","GO:0008324","cation transmembrane transporter activity","7/68","397/21809",0.000234344372158807,0.00199192716334986,0.00148006971889773,"UMAMIT28/ABS4/AtVTL2/UMAMIT11/ATFRD3/AtVTL5/UMAMIT29",7
"GO:0000822","GO:0000822","inositol hexakisphosphate binding","2/68","19/21809",0.00158286052674348,0.0122311949793815,0.00908819441192431,"PHO1;H1/ATPHO1",2
"GO:0005504","GO:0005504","fatty acid binding","2/68","21/21809",0.00193605752236056,0.0137137407833873,0.0101897764334767,"NA/NA",2
"GO:0015114","GO:0015114","phosphate ion transmembrane transporter activity","2/68","28/21809",0.00343621523828915,0.020862735375327,0.0155017228794999,"PHO1;H1/ATPHO1",2
"GO:0043178","GO:0043178","alcohol binding","2/68","39/21809",0.00658906830938216,0.0350044253935927,0.0260094801686138,"PHO1;H1/ATPHO1",2
