"","ID","Description","GeneRatio","BgRatio","pvalue","p.adjust","qvalue","geneID","Count"
"GO:0043596","GO:0043596","nuclear replication fork","2/18","30/25052",0.000209587671158172,0.00523969177895431,0.00375051622072519,"NA/PSF2",2
"GO:0005657","GO:0005657","replication fork","2/18","48/25052",0.000539335488732229,0.00674169360915286,0.00482563332023573,"NA/PSF2",2
