"","ID","Description","GeneRatio","BgRatio","pvalue","p.adjust","qvalue","geneID","Count"
"GO:0005381","GO:0005381","iron ion transmembrane transporter activity","2/31","23/21809",0.000485589027170351,0.0169740473160609,0.0140658398811703,"MEB1/MEB2",2
"GO:0005384","GO:0005384","manganese ion transmembrane transporter activity","2/31","28/21809",0.000722299885789825,0.0169740473160609,0.0140658398811703,"MEB1/MEB2",2
"GO:0005507","GO:0005507","copper ion binding","3/31","191/21809",0.00248128759063358,0.0388735055865928,0.0322132073169974,"BGLU23/JAL31/JAL34",3
