"","ID","Description","GeneRatio","BgRatio","pvalue","p.adjust","qvalue","geneID","Count"
"GO:0016853","GO:0016853","isomerase activity","6/86","260/21809",0.000574342865442951,0.0356628368485683,0.0277254940755983,"ATPDI6/NA/ATPDI11/ATRGP1/A11/AtCHIL",6
"GO:0009044","GO:0009044","xylan 1,4-beta-xylosidase activity","2/86","12/21809",0.000988683447173912,0.0356628368485683,0.0277254940755983,"ATXYL1/ATBXL4",2
"GO:0016872","GO:0016872","intramolecular lyase activity","2/86","12/21809",0.000988683447173912,0.0356628368485683,0.0277254940755983,"A11/AtCHIL",2
"GO:0046556","GO:0046556","alpha-L-arabinofuranosidase activity","2/86","12/21809",0.000988683447173912,0.0356628368485683,0.0277254940755983,"ATXYL1/ATBXL4",2
"GO:0016207","GO:0016207","4-coumarate-CoA ligase activity","2/86","13/21809",0.00116545218459373,0.0356628368485683,0.0277254940755983,"4CL.1/4CL3",2
