"","ID","Description","GeneRatio","BgRatio","pvalue","p.adjust","qvalue","geneID","Count"
"GO:0008422","GO:0008422","beta-glucosidase activity","3/43","111/21809",0.00136542462363117,0.0431858474244537,0.033060935827333,"NA/NA/BGLC1",3
"GO:0015926","GO:0015926","glucosidase activity","3/43","126/21809",0.0019629930647479,0.0431858474244537,0.033060935827333,"NA/NA/BGLC1",3
