"","ID","Description","GeneRatio","BgRatio","pvalue","p.adjust","qvalue","geneID","Count"
"GO:0048226","GO:0048226","Casparian strip","1/32","12/25052",0.0152242079608924,0.0752539991227272,0.0565819542276145,"AtMYB36",1
"GO:0009531","GO:0009531","secondary cell wall","1/32","17/25052",0.0215011426064935,0.0752539991227272,0.0565819542276145,"AtMYB36",1
"GO:0019005","GO:0019005","SCF ubiquitin ligase complex","1/32","80/25052",0.0973446218141449,0.227137450899672,0.17078003827043,"ATSKP2;2",1
"GO:0009505","GO:0009505","plant-type cell wall","1/32","235/25052",0.260499290917371,0.335718944904304,0.252420259326544,"AtMYB36",1
"GO:0031461","GO:0031461","cullin-RING ubiquitin ligase complex","1/32","241/25052",0.266202697288734,0.335718944904304,0.252420259326544,"ATSKP2;2",1
"GO:0048046","GO:0048046","apoplast","1/32","298/25052",0.318302228664469,0.335718944904304,0.252420259326544,"ATMS2",1
"GO:0000151","GO:0000151","ubiquitin ligase complex","1/32","318/25052",0.335718944904304,0.335718944904304,0.252420259326544,"ATSKP2;2",1
