"","ID","Description","GeneRatio","BgRatio","pvalue","p.adjust","qvalue","geneID","Count"
"GO:0016783","GO:0016783","sulfurtransferase activity","2/43","14/21809",0.000340389082910646,0.0238272358037452,0.0186318234856354,"STR16/STR18",2
"GO:0016411","GO:0016411","acylglycerol O-acyltransferase activity","2/43","24/21809",0.00101954740910874,0.0356841593188059,0.0279034027756076,"NA/LPAT5",2
