"","ID","Description","GeneRatio","BgRatio","pvalue","p.adjust","qvalue","geneID","Count"
"GO:0009505","GO:0009505","plant-type cell wall","3/47","235/25052",0.0097535035039963,0.0780280280319704,0.0410673831747213,"EXL1/NA/DGR2",3
"GO:0045239","GO:0045239","tricarboxylic acid cycle enzyme complex","1/47","16/25052",0.0296076103435746,0.0845790577922962,0.0445152935748928,"FUM2",1
"GO:0099503","GO:0099503","secretory vesicle","2/47","173/25052",0.041847700082393,0.0845790577922962,0.0445152935748928,"NA/SKS6",2
"GO:0033178","GO:0033178","proton-transporting two-sector ATPase complex, catalytic domain","1/47","23/25052",0.0422895288961481,0.0845790577922962,0.0445152935748928,"VHA-E3",1
"GO:0016469","GO:0016469","proton-transporting two-sector ATPase complex","1/47","52/25052",0.0931228950202755,0.143507108774472,0.0755300572497221,"VHA-E3",1
"GO:0048046","GO:0048046","apoplast","2/47","298/25052",0.107630331580854,0.143507108774472,0.0755300572497221,"NA/SKS6",2
"GO:0005615","GO:0005615","extracellular space","1/47","130/25052",0.217102163789633,0.248116758616724,0.130587767693013,"CLEL",1
"GO:0005730","GO:0005730","nucleolus","1/47","486/25052",0.602117455399634,0.602117455399634,0.316903923894544,"SAUR66",1
