"","ID","Description","GeneRatio","BgRatio","pvalue","p.adjust","qvalue","geneID","Count"
"GO:0000322","GO:0000322","storage vacuole","2/66","12/25052",0.000443543693766388,0.00576606801896304,0.00513576908571607,"GAMMA-TIP/AQP1",2
"GO:0000326","GO:0000326","protein storage vacuole","2/66","12/25052",0.000443543693766388,0.00576606801896304,0.00513576908571607,"GAMMA-TIP/AQP1",2
