"","ID","Description","GeneRatio","BgRatio","pvalue","p.adjust","qvalue","geneID","Count"
"GO:0004568","GO:0004568","chitinase activity","4/131","23/21809",1.00761901816527e-05,0.00174318090142592,0.00163340346102581,"CHI/NA/ATCHITIV/NA",4
"GO:0004857","GO:0004857","enzyme inhibitor activity","7/131","208/21809",0.00026680791490502,0.0230788846392842,0.0216254836291437,"ATPME1/NA/NA/ATTI1/PYL13/PMEI7/PMEI13",7
