"","ID","Description","GeneRatio","BgRatio","pvalue","p.adjust","qvalue","geneID","Count"
"GO:0016998","GO:0016998","cell wall macromolecule catabolic process","4/127","33/21826",3.92524125720371e-05,0.0131339113108437,0.0122234732995657,"CHI/NA/ATCHITIV/NA",4
"GO:0019748","GO:0019748","secondary metabolic process","10/127","363/21826",5.33898833774134e-05,0.0131339113108437,0.0122234732995657,"KFB01/NHL6/ATGSTU12/ATGSTF3/4CL5/4CL2/ATPRR2/GH3.5/ASFT/CYP81F2",10
"GO:0009620","GO:0009620","response to fungus","9/127","374/21826",0.00034721666764314,0.0366907977014603,0.0341474047927583,"ATGRXS13/AtHMAD1/NA/NA/ATTI1/4CL2/AtILP/CYP81F2/ERF114",9
"GO:0009267","GO:0009267","cellular response to starvation","6/127","161/21826",0.00036374818825017,0.0366907977014603,0.0341474047927583,"NA/SS2/ATRNS1/ATPAP10/ATMYB2/ATG8H",6
"GO:0031667","GO:0031667","response to nutrient levels","7/127","227/21826",0.000372873960380694,0.0366907977014603,0.0341474047927583,"NA/SS2/ATRNS1/ATPAP10/ATMYB2/ATG8H/ATWRKY75",7
"GO:0010167","GO:0010167","response to nitrate","3/127","26/21826",0.000453580292437145,0.0371935839798459,0.0346153381070452,"ATNRT2.6/ATCIPK8/ATNRT3.1",3
