"","ID","Description","GeneRatio","BgRatio","pvalue","p.adjust","qvalue","geneID","Count"
"GO:0009651","GO:0009651","response to salt stress","11/80","483/21826",1.4729221300129e-06,0.00041683696279365,0.000384510198150736,"ESL1/ATOCT6/AtNCL/AtGolS2/BGLU25/ATCML9/SIS/HHP1/SIED1/FAR1/COR78",11
"GO:0009415","GO:0009415","response to water","9/80","407/21826",1.79861933049474e-05,0.00254504635265006,0.00234767154717209,"AtLEA14/ESL1/ATOCT6/AtGolS2/AtPUB23/GPDHC1/ATCML9/RS5/COR78",9
"GO:0001101","GO:0001101","response to acid chemical","9/80","438/21826",3.19880440833627e-05,0.00301753882519722,0.0027835210290084,"AtLEA14/ESL1/ATOCT6/AtGolS2/AtPUB23/GPDHC1/ATCML9/RS5/COR78",9
