"","ID","Description","GeneRatio","BgRatio","pvalue","p.adjust","qvalue","geneID","Count"
"GO:0004568","GO:0004568","chitinase activity","4/34","23/21809",4.26759273042216e-08,3.02999083859974e-06,2.33594549454687e-06,"NA/NA/NA/ChiC",4
"GO:0008509","GO:0008509","anion transmembrane transporter activity","5/34","336/21809",0.000162402361277107,0.00576528382533728,0.00444469620337344,"NIP6/ATPT2/AtNIP5;1/AtLHT1/AtNPF2.11",5
"GO:0005372","GO:0005372","water transmembrane transporter activity","2/34","36/21809",0.00143764139944248,0.0170120898934026,0.0131153250475454,"NIP6/AtNIP5;1",2
"GO:0015250","GO:0015250","water channel activity","2/34","36/21809",0.00143764139944248,0.0170120898934026,0.0131153250475454,"NIP6/AtNIP5;1",2
"GO:0022853","GO:0022853","active ion transmembrane transporter activity","3/34","217/21809",0.00463163691448998,0.0469780315612555,0.0362173112110495,"NIP6/AtNIP5;1/AtNPF2.11",3
