"","ID","Description","GeneRatio","BgRatio","pvalue","p.adjust","qvalue","geneID","Count"
"GO:0045239","GO:0045239","tricarboxylic acid cycle enzyme complex","1/42","16/25052",0.0264973808674595,0.0883710160087127,0.0531554983511054,"FUM2",1
"GO:0099503","GO:0099503","secretory vesicle","2/42","173/25052",0.0340818310988899,0.0883710160087127,0.0531554983511054,"NA/SKS6",2
"GO:0033178","GO:0033178","proton-transporting two-sector ATPase complex, catalytic domain","1/42","23/25052",0.0378732925751626,0.0883710160087127,0.0531554983511054,"VHA-E3",1
"GO:0009505","GO:0009505","plant-type cell wall","2/42","235/25052",0.0590440900056357,0.103327157509862,0.0621516736901428,"EXL1/NA",2
"GO:0016469","GO:0016469","proton-transporting two-sector ATPase complex","1/42","52/25052",0.0836352886216107,0.103875062388102,0.0624812405341969,"VHA-E3",1
"GO:0048046","GO:0048046","apoplast","2/42","298/25052",0.0890357677612305,0.103875062388102,0.0624812405341969,"NA/SKS6",2
"GO:0005730","GO:0005730","nucleolus","1/42","486/25052",0.561095281522797,0.561095281522797,0.33750092121672,"SAUR66",1
