"","ID","Description","GeneRatio","BgRatio","pvalue","p.adjust","qvalue","geneID","Count"
"GO:0004568","GO:0004568","chitinase activity","4/157","23/21809",2.05719364307579e-05,0.003908667921844,0.00361632987782797,"CHI/NA/ATCHITIV/NA",4
"GO:0016207","GO:0016207","4-coumarate-CoA ligase activity","3/157","13/21809",9.92757754379017e-05,0.00859578511740208,0.0079528870615299,"4CL.1/4CL5/4CL2",3
"GO:0004857","GO:0004857","enzyme inhibitor activity","8/157","208/21809",0.000135722922906349,0.00859578511740208,0.0079528870615299,"ATPME1/NA/NA/ATTI1/ATTI2/PYL13/PMEI7/PMEI13",8
"GO:0061135","GO:0061135","endopeptidase regulator activity","3/157","29/21809",0.00116560553528391,0.0305974875117882,0.0283090327671392,"NA/ATTI1/ATTI2",3
