"","ID","Description","GeneRatio","BgRatio","pvalue","p.adjust","qvalue","geneID","Count"
"GO:0097599","GO:0097599","xylanase activity","3/60","19/21809",1.85900731684907e-05,0.00193336760952304,0.00140893186119088,"ATXYN1/ARAF/NA",3
"GO:0052716","GO:0052716","hydroquinone:oxygen oxidoreductase activity","2/60","17/21809",0.00098569976446163,0.0341709251680032,0.0249018887863991,"ATLMCO4/LAC11",2
