"","ID","Description","GeneRatio","BgRatio","pvalue","p.adjust","qvalue","geneID","Count"
"GO:0009505","GO:0009505","plant-type cell wall","7/64","235/25052",2.30445241862334e-06,4.14801435352201e-05,2.91088726562948e-05,"TED6/ATLMCO4/GLP10/PRX56/TED7/Prx66/GASA10",7
"GO:0005764","GO:0005764","lysosome","2/64","45/25052",0.00592603683071602,0.04534427596813,0.0318205445390386,"XCP2/XCP1",2
"GO:0000323","GO:0000323","lytic vacuole","2/64","51/25052",0.00755737932802166,0.04534427596813,0.0318205445390386,"XCP2/XCP1",2
