"","ID","Description","GeneRatio","BgRatio","pvalue","p.adjust","qvalue","geneID","Count"
"GO:0009505","GO:0009505","plant-type cell wall","7/65","235/25052",2.56211861135973e-06,4.61181350044751e-05,2.96666365525863e-05,"TED6/ATLMCO4/GLP10/PRX56/TED7/Prx66/GASA10",7
"GO:0005764","GO:0005764","lysosome","2/65","45/25052",0.00610721789281388,0.0467232795878491,0.0300559108459848,"XCP2/XCP1",2
"GO:0000323","GO:0000323","lytic vacuole","2/65","51/25052",0.00778721326464152,0.0467232795878491,0.0300559108459848,"XCP2/XCP1",2
