"","ID","Description","GeneRatio","BgRatio","pvalue","p.adjust","qvalue","geneID","Count"
"GO:0009651","GO:0009651","response to salt stress","11/83","483/21826",2.13785532890929e-06,0.000743973654460434,0.000690864827342266,"ESL1/ATOCT6/AtNCL/AtGolS2/BGLU25/ATCML9/SIS/HHP1/SIED1/FAR1/COR78",11
"GO:0009415","GO:0009415","response to water","9/83","407/21826",2.42709181134656e-05,0.00422313975174301,0.00392166940043891,"AtLEA14/ESL1/ATOCT6/AtGolS2/AtPUB23/GPDHC1/ATCML9/RS5/COR78",9
"GO:0001101","GO:0001101","response to acid chemical","9/83","438/21826",4.30016258170126e-05,0.00498818859477347,0.00463210495642908,"AtLEA14/ESL1/ATOCT6/AtGolS2/AtPUB23/GPDHC1/ATCML9/RS5/COR78",9
"GO:0009620","GO:0009620","response to fungus","7/83","374/21826",0.000557160020743413,0.0387783374437415,0.0360101318669953,"AtLEA14/NA/LACS2/ATBFRUCT1/MO1/NA/AtDMR6",7
