"","ID","Description","GeneRatio","BgRatio","pvalue","p.adjust","qvalue","geneID","Count"
"GO:0045828","GO:0045828","positive regulation of isoprenoid metabolic process","2/20","14/21826",7.21158558006397e-05,0.0120138565871625,0.00712255260460937,"DAG2/CLE25",2
"GO:0046889","GO:0046889","positive regulation of lipid biosynthetic process","2/20","24/21826",0.000217525999866067,0.0120138565871625,0.00712255260460937,"DAG2/CLE25",2
"GO:0062013","GO:0062013","positive regulation of small molecule metabolic process","2/20","26/21826",0.000255863358650674,0.0120138565871625,0.00712255260460937,"DAG2/CLE25",2
"GO:0045834","GO:0045834","positive regulation of lipid metabolic process","2/20","27/21826",0.000276180611199139,0.0120138565871625,0.00712255260460937,"DAG2/CLE25",2
"GO:0019827","GO:0019827","stem cell population maintenance","2/20","59/21826",0.00132282743681756,0.0309879645730939,0.0183715700433345,"AIL6/AGO10",2
"GO:0098727","GO:0098727","maintenance of cell number","2/20","59/21826",0.00132282743681756,0.0309879645730939,0.0183715700433345,"AIL6/AGO10",2
"GO:0043455","GO:0043455","regulation of secondary metabolic process","2/20","65/21826",0.00160282575378072,0.0309879645730939,0.0183715700433345,"DAG2/CLE25",2
"GO:0009734","GO:0009734","auxin-activated signaling pathway","2/20","86/21826",0.00278424236547086,0.0440416519629026,0.0261105982599181,"FL3/AIL6",2
