"","ID","Description","GeneRatio","BgRatio","pvalue","p.adjust","qvalue","geneID","Count"
"GO:1905392","GO:1905392","plant organ morphogenesis","9/41","445/21826",1.10325846733634e-07,2.68091807562729e-05,2.02070498227918e-05,"AIR3/DROP1/TCP10/ATAIG1/ATHB51/TCP17/AGAL2/TCP5/ATPSK5",9
"GO:0040034","GO:0040034","regulation of development, heterochronic","4/41","49/21826",2.13540638385677e-06,0.000145575313196767,0.000109725382266569,"TCP10/ATHB51/TCP17/TCP5",4
"GO:0009938","GO:0009938","negative regulation of gibberellic acid mediated signaling pathway","2/41","16/21826",0.00040630694397084,0.016455431230819,0.0124030540791098,"AtSTY1/SRS2",2
"GO:0048440","GO:0048440","carpel development","3/41","81/21826",0.000474150352852223,0.0164597908204415,0.012406340059592,"AtSTY1/SRS2/ERL1",3
