"","ID","Description","GeneRatio","BgRatio","pvalue","p.adjust","qvalue","geneID","Count"
"GO:0099503","GO:0099503","secretory vesicle","7/141","173/25052",5.76386246280736e-05,0.00299720848065983,0.00279092287672777,"sks5/ARPN/PLAT2/AtHsp90-7/ATPLAT1/ML3/AtXTH22",7
"GO:0048046","GO:0048046","apoplast","8/141","298/25052",0.000294643229264655,0.00766072396088104,0.00713346765588113,"GDSL1/sks5/NA/ARPN/ATGSTF10/NA/ATCAD9/ATSBT1.3",8
"GO:0010168","GO:0010168","ER body","2/141","12/25052",0.00200059738230131,0.0346770212932227,0.0322903437143369,"NA/ML3",2
