"","ID","Description","GeneRatio","BgRatio","pvalue","p.adjust","qvalue","geneID","Count"
"GO:0048046","GO:0048046","apoplast","7/95","298/25052",0.000142009773975552,0.00582240073299762,0.00553090698641622,"NA/NA/NA/NA/AtENODL2/ATGER3/BGAL6",7
"GO:0099503","GO:0099503","secretory vesicle","5/95","173/25052",0.000520067971634517,0.0106613934185076,0.0101276394476195,"NA/NA/AtENODL2/ATGER3/DIR1-like",5
"GO:0009505","GO:0009505","plant-type cell wall","5/95","235/25052",0.00203273927482233,0.0277807700892385,0.0263899484801495,"TEB/ROPGAP3/BGLU44/NA/EXO",5
"GO:0031012","GO:0031012","extracellular matrix","2/95","21/25052",0.00285106225867281,0.0292233881513963,0.0277603430449721,"ATGER1/ATGER3",2
