"","ID","Description","GeneRatio","BgRatio","pvalue","p.adjust","qvalue","geneID","Count"
"GO:0009409","GO:0009409","response to cold","7/42","425/21826",1.51307627102793e-05,0.00428200584700904,0.00321727796576465,"LEA7/AKR4C9/AtSAMS3/ATBT2/ABI1/AtCor6.6/DIN10",7
"GO:0043649","GO:0043649","dicarboxylic acid catabolic process","2/42","14/21826",0.00032417420419359,0.0458706498933929,0.0344648364458448,"AAE3/GDH2",2
