"","ID","Description","GeneRatio","BgRatio","pvalue","p.adjust","qvalue","geneID","Count"
"GO:0000322","GO:0000322","storage vacuole","2/54","12/25052",0.000296849021906676,0.00326533924097344,0.00265601756442816,"GAMMA-TIP/AQP1",2
"GO:0000326","GO:0000326","protein storage vacuole","2/54","12/25052",0.000296849021906676,0.00326533924097344,0.00265601756442816,"GAMMA-TIP/AQP1",2
