"","ID","Description","GeneRatio","BgRatio","pvalue","p.adjust","qvalue","geneID","Count"
"GO:0046658","GO:0046658","anchored component of plasma membrane","1/20","173/25052",0.129462616716979,0.323308210533327,0.323308210533327,"NA",1
"GO:0031226","GO:0031226","intrinsic component of plasma membrane","1/20","271/25052",0.19556222834217,0.323308210533327,0.323308210533327,"NA",1
"GO:0005802","GO:0005802","trans-Golgi network","1/20","312/25052",0.221776600234214,0.323308210533327,0.323308210533327,"FL3",1
"GO:0031225","GO:0031225","anchored component of membrane","1/20","314/25052",0.223034360226023,0.323308210533327,0.323308210533327,"NA",1
"GO:0098791","GO:0098791","Golgi apparatus subcompartment","1/20","390/25052",0.269423508777772,0.323308210533327,0.323308210533327,"FL3",1
"GO:0005730","GO:0005730","nucleolus","1/20","486/25052",0.324266121740813,0.324266121740813,0.324266121740813,"DOF2.1",1
