"","ID","Description","GeneRatio","BgRatio","pvalue","p.adjust","qvalue","geneID","Count"
"GO:0046982","GO:0046982","protein heterodimerization activity","14/27","125/21809",3.67144523096701e-25,9.17861307741753e-24,6.18348670478655e-24,"CENH3/HTB1/G-H2AX/HTA10/NA/NA/HTA13/HTB11/H2A.Z/HTA2/h2a.w.7/ATHTA1/h2a.w.6/HTB4",14
"GO:0003682","GO:0003682","chromatin binding","8/27","171/21809",2.36936002915422e-11,2.96170003644277e-10,1.99525055086671e-10,"HMGA/HMG/ORTH2/CMT1/HIS1-3/H1.2/h2a.w.7/h2a.w.6",8
"GO:0031491","GO:0031491","nucleosome binding","3/27","26/21809",4.31673997283e-06,3.59728331069167e-05,2.42343296720281e-05,"HMGA/HIS1-3/H1.2",3
"GO:0031490","GO:0031490","chromatin DNA binding","3/27","38/21809",1.3868123660712e-05,8.66757728794499e-05,5.83920996240505e-05,"HMGA/HIS1-3/H1.2",3
"GO:0044877","GO:0044877","protein-containing complex binding","3/27","233/21809",0.00291362264601381,0.014568113230069,0.00981430786025704,"HMGA/HIS1-3/H1.2",3
"GO:0009008","GO:0009008","DNA-methyltransferase activity","1/27","10/21809",0.0123139927960235,0.0483476062393125,0.0325710189401684,"CMT1",1
"GO:0003950","GO:0003950","NAD+ ADP-ribosyltransferase activity","1/27","11/21809",0.0135373297470075,0.0483476062393125,0.0325710189401684,"APP",1
