"","ID","Description","GeneRatio","BgRatio","pvalue","p.adjust","qvalue","geneID","Count"
"GO:0046658","GO:0046658","anchored component of plasma membrane","1/24","173/25052",0.153281365122759,0.365811659071627,0.365811659071627,"NA",1
"GO:0031226","GO:0031226","intrinsic component of plasma membrane","1/24","271/25052",0.2298384462275,0.365811659071627,0.365811659071627,"NA",1
"GO:0048046","GO:0048046","apoplast","1/24","298/25052",0.249736239268126,0.365811659071627,0.365811659071627,"CLE25",1
"GO:0005802","GO:0005802","trans-Golgi network","1/24","312/25052",0.25985870397755,0.365811659071627,0.365811659071627,"FL3",1
"GO:0031225","GO:0031225","anchored component of membrane","1/24","314/25052",0.26129404219402,0.365811659071627,0.365811659071627,"NA",1
"GO:0098791","GO:0098791","Golgi apparatus subcompartment","1/24","390/25052",0.313902782652331,0.366219913094386,0.366219913094386,"FL3",1
"GO:0005730","GO:0005730","nucleolus","1/24","486/25052",0.375238367938099,0.375238367938099,0.375238367938099,"DOF2.1",1
