"","ID","Description","GeneRatio","BgRatio","pvalue","p.adjust","qvalue","geneID","Count"
"GO:0045828","GO:0045828","positive regulation of isoprenoid metabolic process","2/19","14/21826",6.49280661604778e-05,0.0105097855309305,0.00582604118500664,"DAG2/CLE25",2
"GO:0046889","GO:0046889","positive regulation of lipid biosynthetic process","2/19","24/21826",0.000195904944772585,0.0105097855309305,0.00582604118500664,"DAG2/CLE25",2
"GO:0062013","GO:0062013","positive regulation of small molecule metabolic process","2/19","26/21826",0.000230445805995009,0.0105097855309305,0.00582604118500664,"DAG2/CLE25",2
"GO:0045834","GO:0045834","positive regulation of lipid metabolic process","2/19","27/21826",0.00024875232025871,0.0105097855309305,0.00582604118500664,"DAG2/CLE25",2
"GO:0019827","GO:0019827","stem cell population maintenance","2/19","59/21826",0.00119261476121148,0.0271398009826729,0.01504479780416,"AIL6/AGO10",2
"GO:0098727","GO:0098727","maintenance of cell number","2/19","59/21826",0.00119261476121148,0.0271398009826729,0.01504479780416,"AIL6/AGO10",2
"GO:0043455","GO:0043455","regulation of secondary metabolic process","2/19","65/21826",0.0014453148452311,0.0271398009826729,0.01504479780416,"DAG2/CLE25",2
"GO:0009734","GO:0009734","auxin-activated signaling pathway","2/19","86/21826",0.00251223280660715,0.0385970313015098,0.0213960497404819,"FL3/AIL6",2
"GO:0010565","GO:0010565","regulation of cellular ketone metabolic process","2/19","102/21826",0.0035112757418679,0.0494504666979729,0.0274125913180915,"DAG2/CLE25",2
