"","ID","Description","GeneRatio","BgRatio","pvalue","p.adjust","qvalue","geneID","Count"
"GO:0009409","GO:0009409","response to cold","7/45","425/21826",2.42034659692414e-05,0.00670436007347986,0.00484069319384828,"LEA7/AKR4C9/AtSAMS3/ATBT2/ABI1/AtCor6.6/DIN10",7
"GO:0009753","GO:0009753","response to jasmonic acid","5/45","205/21826",6.26659784789282e-05,0.00742188666053683,0.00535876293179554,"JAZ8/AP4.3A/ANAC055/ATBT2/ATJRG21",5
"GO:0071395","GO:0071395","cellular response to jasmonic acid stimulus","4/45","111/21826",8.03814439769332e-05,0.00742188666053683,0.00535876293179554,"JAZ8/AP4.3A/ANAC055/ATJRG21",4
"GO:0043649","GO:0043649","dicarboxylic acid catabolic process","2/45","14/21826",0.000372334295357271,0.025784149953491,0.0186167147678636,"AAE3/GDH2",2
"GO:0046686","GO:0046686","response to cadmium ion","5/45","318/21826",0.000482091762346055,0.0267078836339715,0.0192836704938422,"AlaAT1/ATSERAT2;2/AAE3/GDH2/ATOXS3",5
"GO:0009414","GO:0009414","response to water deprivation","5/45","397/21826",0.00130432533602374,0.0366561184307238,0.0264665115023276,"LEA7/AKR4C9/ANAC055/RD19/AtCor6.6",5
"GO:0097306","GO:0097306","cellular response to alcohol","4/45","234/21826",0.00135918082704394,0.0366561184307238,0.0264665115023276,"RHA2A/ATBT2/PYL7/ABI1",4
"GO:0009415","GO:0009415","response to water","5/45","407/21826",0.00145565813262802,0.0366561184307238,0.0264665115023276,"LEA7/AKR4C9/ANAC055/RD19/AtCor6.6",5
"GO:0001101","GO:0001101","response to acid chemical","5/45","438/21826",0.00200776014360357,0.042780735367553,0.0308886175939011,"LEA7/AKR4C9/ANAC055/RD19/AtCor6.6",5
