"","ID","Description","GeneRatio","BgRatio","pvalue","p.adjust","qvalue","geneID","Count"
"GO:0009733","GO:0009733","response to auxin","7/29","337/21826",2.29118894029875e-07,4.74276110641842e-05,3.71413786111587e-05,"IAA3/AtIAA17/ATAUX2-27/SAUR77/SAUR27/NA/IAA14",7
"GO:0010817","GO:0010817","regulation of hormone levels","4/29","254/21826",0.000338370345151617,0.0350213307231924,0.0274258069228153,"NA/CYP702A6/CLEL/SOB5",4
"GO:0009686","GO:0009686","gibberellin biosynthetic process","2/29","35/21826",0.000987034400756462,0.0400273378942801,0.0313460973085133,"ATDDF2/AT2301",2
"GO:0010583","GO:0010583","response to cyclopentenone","2/29","35/21826",0.000987034400756462,0.0400273378942801,0.0313460973085133,"IAA3/ATAUX2-27",2
"GO:0009685","GO:0009685","gibberellin metabolic process","2/29","36/21826",0.00104423524635365,0.0400273378942801,0.0313460973085133,"ATDDF2/AT2301",2
"GO:0016102","GO:0016102","diterpenoid biosynthetic process","2/29","38/21826",0.00116331719841821,0.0400273378942801,0.0313460973085133,"ATDDF2/AT2301",2
"GO:0016101","GO:0016101","diterpenoid metabolic process","2/29","41/21826",0.0013535814746858,0.0400273378942801,0.0313460973085133,"ATDDF2/AT2301",2
