"","ID","Description","GeneRatio","BgRatio","pvalue","p.adjust","qvalue","geneID","Count"
"GO:0016998","GO:0016998","cell wall macromolecule catabolic process","3/33","33/21826",1.6657260804594e-05,0.00251524638149369,0.00212160900774302,"NA/NA/NA",3
"GO:0006026","GO:0006026","aminoglycan catabolic process","2/33","16/21826",0.000262518248883338,0.00566289365448343,0.00477664783682465,"NA/ChiC",2
"GO:0006030","GO:0006030","chitin metabolic process","2/33","16/21826",0.000262518248883338,0.00566289365448343,0.00477664783682465,"NA/ChiC",2
"GO:0006032","GO:0006032","chitin catabolic process","2/33","16/21826",0.000262518248883338,0.00566289365448343,0.00477664783682465,"NA/ChiC",2
"GO:0046348","GO:0046348","amino sugar catabolic process","2/33","16/21826",0.000262518248883338,0.00566289365448343,0.00477664783682465,"NA/ChiC",2
"GO:1901072","GO:1901072","glucosamine-containing compound catabolic process","2/33","16/21826",0.000262518248883338,0.00566289365448343,0.00477664783682465,"NA/ChiC",2
"GO:0006022","GO:0006022","aminoglycan metabolic process","2/33","21/21826",0.00045723875653662,0.00767145024855885,0.00647086427379311,"NA/ChiC",2
"GO:1901071","GO:1901071","glucosamine-containing compound metabolic process","2/33","25/21826",0.000650731775016235,0.00982604980274514,0.00828826787125941,"NA/ChiC",2
