"","ID","Description","GeneRatio","BgRatio","pvalue","p.adjust","qvalue","geneID","Count"
"GO:0004568","GO:0004568","chitinase activity","4/31","23/21809",2.90152412977913e-08,1.59583827137852e-06,1.19115201117249e-06,"NA/NA/NA/ChiC",4
"GO:0015103","GO:0015103","inorganic anion transmembrane transporter activity","3/31","126/21809",0.000751978523330113,0.0114921229380667,0.00857785252793496,"NIP6/ATPT2/AtNIP5;1",3
"GO:0005372","GO:0005372","water transmembrane transporter activity","2/31","36/21809",0.0011953406615484,0.0114921229380667,0.00857785252793496,"NIP6/AtNIP5;1",2
"GO:0015250","GO:0015250","water channel activity","2/31","36/21809",0.0011953406615484,0.0114921229380667,0.00857785252793496,"NIP6/AtNIP5;1",2
"GO:0008509","GO:0008509","anion transmembrane transporter activity","4/31","336/21809",0.00125368613869819,0.0114921229380667,0.00857785252793496,"NIP6/ATPT2/AtNIP5;1/AtLHT1",4
