"","ID","Description","GeneRatio","BgRatio","pvalue","p.adjust","qvalue","geneID","Count"
"GO:0102336","GO:0102336","3-oxo-arachidoyl-CoA synthase activity","5/108","23/21809",8.50185835977625e-08,3.25196082261442e-06,2.75191731119073e-06,"DAISY/KCS8/FDH/KCS16/KCS19",5
"GO:0102337","GO:0102337","3-oxo-cerotoyl-CoA synthase activity","5/108","23/21809",8.50185835977625e-08,3.25196082261442e-06,2.75191731119073e-06,"DAISY/KCS8/FDH/KCS16/KCS19",5
"GO:0102338","GO:0102338","3-oxo-lignoceronyl-CoA synthase activity","5/108","23/21809",8.50185835977625e-08,3.25196082261442e-06,2.75191731119073e-06,"DAISY/KCS8/FDH/KCS16/KCS19",5
"GO:0102756","GO:0102756","very-long-chain 3-ketoacyl-CoA synthase activity","5/108","23/21809",8.50185835977625e-08,3.25196082261442e-06,2.75191731119073e-06,"DAISY/KCS8/FDH/KCS16/KCS19",5
"GO:0004364","GO:0004364","glutathione transferase activity","4/108","59/21809",0.000209895113924671,0.00458770749006781,0.00388227052823076,"ATGSTU26/ATGSTU13/ATGSTF10/ATGSTU27",4
"GO:0019187","GO:0019187","beta-1,4-mannosyltransferase activity","3/108","27/21809",0.000316790138107045,0.00484688911303779,0.00410159863022806,"ATCSLA03/AtMSR1/ATCSLA02",3
"GO:0051753","GO:0051753","mannan synthase activity","3/108","27/21809",0.000316790138107045,0.00484688911303779,0.00410159863022806,"ATCSLA03/AtMSR1/ATCSLA02",3
"GO:0042389","GO:0042389","omega-3 fatty acid desaturase activity","2/108","12/21809",0.00155248420739855,0.0182715449024599,0.01546198846235,"ADS1/NA",2
