"","ID","Description","GeneRatio","BgRatio","pvalue","p.adjust","qvalue","geneID","Count"
"GO:0048046","GO:0048046","apoplast","8/119","298/25052",9.13816398419085e-05,0.00274144919525725,0.00221239759617252,"GDSL1/sks5/NA/ARPN/ATGSTF10/NA/ATCAD9/ATSBT1.3",8
"GO:0010168","GO:0010168","ER body","2/119","12/25052",0.00143147395870324,0.01435688367267,0.0115862569989969,"NA/ML3",2
"GO:0099503","GO:0099503","secretory vesicle","5/119","173/25052",0.001435688367267,0.01435688367267,0.0115862569989969,"sks5/ARPN/PLAT2/ML3/AtXTH22",5
