"","ID","Description","GeneRatio","BgRatio","pvalue","p.adjust","qvalue","geneID","Count"
"GO:0010089","GO:0010089","xylem development","3/23","42/21826",1.14236545668002e-05,0.00231900187706044,0.00168348593616003,"AHP6/ANAC037/ANAC105",3
"GO:0048759","GO:0048759","xylem vessel member cell differentiation","2/23","11/21826",5.80867499250567e-05,0.00589580511739326,0.00428007631026734,"ANAC037/ANAC105",2
"GO:1905177","GO:1905177","tracheary element differentiation","2/23","17/21826",0.00014308102962234,0.00856452784606513,0.00621744308244293,"ANAC037/ANAC105",2
"GO:2000652","GO:2000652","regulation of secondary cell wall biogenesis","2/23","30/21826",0.000453850666493732,0.0184263370596455,0.0133766512229731,"ANAC037/ANAC105",2
"GO:1903338","GO:1903338","regulation of cell wall organization or biogenesis","2/23","46/21826",0.00106883925507432,0.0361623947966811,0.0262521922298955,"ANAC037/ANAC105",2
"GO:0044089","GO:0044089","positive regulation of cellular component biogenesis","2/23","57/21826",0.00163661430177091,0.0474618147513564,0.0344550379320191,"ANAC037/ANAC105",2
