"","ID","Description","GeneRatio","BgRatio","pvalue","p.adjust","qvalue","geneID","Count"
"GO:0071555","GO:0071555","cell wall organization","6/41","283/21826",1.38393494414729e-05,0.00333528321539498,0.00272416667953204,"ATROPGEF4/PAE8/AtGH9B18/ATEXP9/ATPMEPCRF/SCAP1",6
"GO:0010052","GO:0010052","guard cell differentiation","2/41","18/21826",0.000516809811037386,0.0311377911150025,0.0254324828063134,"FMA/SCAP1",2
