"","ID","Description","GeneRatio","BgRatio","pvalue","p.adjust","qvalue","geneID","Count"
"GO:0071555","GO:0071555","cell wall organization","5/42","283/21826",0.000203206803100192,0.0306964167178912,0.0255858425059974,"ATROPGEF4/AtGH9B18/ATEXP9/ATPMEPCRF/SCAP1",5
"GO:0009664","GO:0009664","plant-type cell wall organization","4/42","160/21826",0.000250582993615439,0.0306964167178912,0.0255858425059974,"ATROPGEF4/AtGH9B18/ATEXP9/SCAP1",4
"GO:0010052","GO:0010052","guard cell differentiation","2/42","18/21826",0.000542385356136432,0.0332211030633564,0.0276901997606494,"FMA/SCAP1",2
