"","ID","Description","GeneRatio","BgRatio","pvalue","p.adjust","qvalue","geneID","Count"
"GO:0004867","GO:0004867","serine-type endopeptidase inhibitor activity","2/45","20/21809",0.000772494729645633,0.0301740012272306,0.0229857350068931,"NA/NA",2
"GO:0004866","GO:0004866","endopeptidase inhibitor activity","2/45","28/21809",0.00152081479491963,0.0301740012272306,0.0229857350068931,"NA/NA",2
"GO:0061135","GO:0061135","endopeptidase regulator activity","2/45","29/21809",0.00163132776149909,0.0301740012272306,0.0229857350068931,"NA/NA",2
"GO:0030414","GO:0030414","peptidase inhibitor activity","2/45","30/21809",0.00174556164297881,0.0301740012272306,0.0229857350068931,"NA/NA",2
"GO:0061134","GO:0061134","peptidase regulator activity","2/45","32/21809",0.00198513165968622,0.0301740012272306,0.0229857350068931,"NA/NA",2
