"","ID","Description","GeneRatio","BgRatio","pvalue","p.adjust","qvalue","geneID","Count"
"GO:0045239","GO:0045239","tricarboxylic acid cycle enzyme complex","1/43","16/25052",0.027120173426681,0.135653333287267,0.101994987434035,"FUM2",1
"GO:0033178","GO:0033178","proton-transporting two-sector ATPase complex, catalytic domain","1/43","23/25052",0.0387580952249333,0.135653333287267,0.101994987434035,"VHA-E3",1
"GO:0009505","GO:0009505","plant-type cell wall","2/43","235/25052",0.0615521359711146,0.143621650599267,0.107986203458096,"EXL1/NA",2
"GO:0016469","GO:0016469","proton-transporting two-sector ATPase complex","1/43","52/25052",0.0855405651106825,0.149695988943694,0.112553375145635,"VHA-E3",1
"GO:0099503","GO:0099503","secretory vesicle","1/43","173/25052",0.257864414069856,0.361010179697799,0.271436225336691,"NA",1
"GO:0048046","GO:0048046","apoplast","1/43","298/25052",0.402497636986594,0.46958057648436,0.353068102619819,"NA",1
"GO:0005730","GO:0005730","nucleolus","1/43","486/25052",0.569624177691526,0.569624177691526,0.428288855407163,"SAUR66",1
