"","ID","Description","GeneRatio","BgRatio","pvalue","p.adjust","qvalue","geneID","Count"
"GO:0016998","GO:0016998","cell wall macromolecule catabolic process","3/34","33/21826",1.82504361594857e-05,0.00310257414711257,0.00263190500405215,"NA/NA/NA",3
"GO:0006026","GO:0006026","aminoglycan catabolic process","2/34","16/21826",0.000278806424368614,0.00677101316323776,0.00574383159977445,"NA/ChiC",2
"GO:0006030","GO:0006030","chitin metabolic process","2/34","16/21826",0.000278806424368614,0.00677101316323776,0.00574383159977445,"NA/ChiC",2
"GO:0006032","GO:0006032","chitin catabolic process","2/34","16/21826",0.000278806424368614,0.00677101316323776,0.00574383159977445,"NA/ChiC",2
"GO:0046348","GO:0046348","amino sugar catabolic process","2/34","16/21826",0.000278806424368614,0.00677101316323776,0.00574383159977445,"NA/ChiC",2
"GO:1901072","GO:1901072","glucosamine-containing compound catabolic process","2/34","16/21826",0.000278806424368614,0.00677101316323776,0.00574383159977445,"NA/ChiC",2
"GO:0006022","GO:0006022","aminoglycan metabolic process","2/34","21/21826",0.000485534547288067,0.00917120811544126,0.00777991028987896,"NA/ChiC",2
"GO:1901071","GO:1901071","glucosamine-containing compound metabolic process","2/34","25/21826",0.000690917549782735,0.0117455983463065,0.00996375834949839,"NA/ChiC",2
