"","ID","Description","GeneRatio","BgRatio","pvalue","p.adjust","qvalue","geneID","Count"
"GO:0004568","GO:0004568","chitinase activity","4/32","23/21809",3.31371544929863e-08,1.95509211508619e-06,1.43012982548678e-06,"NA/NA/NA/ChiC",4
"GO:0015103","GO:0015103","inorganic anion transmembrane transporter activity","3/32","126/21809",0.000826283734392448,0.0139197226549284,0.0101821343238549,"NIP6/ATPT2/AtNIP5;1",3
"GO:0005372","GO:0005372","water transmembrane transporter activity","2/32","36/21809",0.001273708447542,0.0139197226549284,0.0101821343238549,"NIP6/AtNIP5;1",2
"GO:0015250","GO:0015250","water channel activity","2/32","36/21809",0.001273708447542,0.0139197226549284,0.0101821343238549,"NIP6/AtNIP5;1",2
"GO:0008509","GO:0008509","anion transmembrane transporter activity","4/32","336/21809",0.00141556501575543,0.0139197226549284,0.0101821343238549,"NIP6/ATPT2/AtNIP5;1/AtLHT1",4
