"","ID","Description","GeneRatio","BgRatio","pvalue","p.adjust","qvalue","geneID","Count"
"GO:0009409","GO:0009409","response to cold","7/42","425/21826",1.51307627102793e-05,0.0038734752538315,0.00275539152513507,"LEA7/AKR4C9/AtSAMS3/ATBT2/ABI1/AtCor6.6/DIN10",7
"GO:0009753","GO:0009753","response to jasmonic acid","5/42","205/21826",4.46400107150612e-05,0.00521367892201597,0.00370874364107222,"JAZ8/AP4.3A/ANAC055/ATBT2/ATJRG21",5
"GO:0071395","GO:0071395","cellular response to jasmonic acid stimulus","4/42","111/21826",6.10977998673746e-05,0.00521367892201597,0.00370874364107222,"JAZ8/AP4.3A/ANAC055/ATJRG21",4
"GO:0043649","GO:0043649","dicarboxylic acid catabolic process","2/42","14/21826",0.00032417420419359,0.0207471490683897,0.0147584571909187,"AAE3/GDH2",2
"GO:0009414","GO:0009414","response to water deprivation","5/42","397/21826",0.000949500324933053,0.0418495210667982,0.0297696017457076,"LEA7/AKR4C9/ANAC055/RD19/AtCor6.6",5
"GO:0009415","GO:0009415","response to water","5/42","407/21826",0.0010608545214937,0.0418495210667982,0.0297696017457076,"LEA7/AKR4C9/ANAC055/RD19/AtCor6.6",5
"GO:0001101","GO:0001101","response to acid chemical","5/42","438/21826",0.001468306048087,0.0469857935387839,0.0334232824104014,"LEA7/AKR4C9/ANAC055/RD19/AtCor6.6",5
