"","ID","Description","GeneRatio","BgRatio","pvalue","p.adjust","qvalue","geneID","Count"
"GO:0070403","GO:0070403","NAD+ binding","2/52","12/21809",0.00036243241488137,0.0271815981498609,0.0186970867940679,"UXS6/ATUXS2",2
"GO:0016831","GO:0016831","carboxy-lyase activity","3/52","67/21809",0.000549931032682116,0.0271815981498609,0.0186970867940679,"UXS6/ATUXS2/PCK2",3
"GO:0030246","GO:0030246","carbohydrate binding","4/52","176/21809",0.000820368847017942,0.0271815981498609,0.0186970867940679,"NA/ARD/NA/NA",4
"GO:0016829","GO:0016829","lyase activity","5/52","343/21809",0.00132534288901159,0.0271815981498609,0.0186970867940679,"NA/UXS6/ATUXS2/NA/PCK2",5
"GO:0005385","GO:0005385","zinc ion transmembrane transporter activity","2/52","25/21809",0.00161506335244252,0.0271815981498609,0.0186970867940679,"ZIP5/ATZIP6",2
"GO:0016717","GO:0016717","oxidoreductase activity, acting on paired donors, with oxidation of a pair of donors resulting in the reduction of molecular oxygen to two molecules of water","2/52","26/21809",0.00174698723139042,0.0271815981498609,0.0186970867940679,"NA/AAD6",2
"GO:0015112","GO:0015112","nitrate transmembrane transporter activity","2/52","27/21809",0.00188387313909927,0.0271815981498609,0.0186970867940679,"ATNRT2.5/ATNRT2.3",2
"GO:0016837","GO:0016837","carbon-oxygen lyase activity, acting on polysaccharides","2/52","32/21809",0.00264191377685029,0.0296481434957644,0.020393720382704,"NA/NA",2
"GO:0016701","GO:0016701","oxidoreductase activity, acting on single donors with incorporation of molecular oxygen","2/52","38/21809",0.00371045099168437,0.0374755550160121,0.0257778700474914,"ARD/MIOX4",2
