"","ID","Description","GeneRatio","BgRatio","pvalue","p.adjust","qvalue","geneID","Count"
"GO:0005996","GO:0005996","monosaccharide metabolic process","5/48","134/21826",1.12106275341211e-05,0.00298202692407622,0.00240733475469549,"UXS6/ATUXS2/MIOX4/DUR/PCK2",5
"GO:0009226","GO:0009226","nucleotide-sugar biosynthetic process","3/48","42/21826",0.000107893410622891,0.0143498236128445,0.011584345140563,"UXS6/ATUXS2/DUR",3
"GO:0009225","GO:0009225","nucleotide-sugar metabolic process","3/48","52/21826",0.000204523594733309,0.0171041667507276,0.0138078750183951,"UXS6/ATUXS2/DUR",3
"GO:0071249","GO:0071249","cellular response to nitrate","2/48","11/21826",0.000257205515048536,0.0171041667507276,0.0138078750183951,"ATNRT2.5/ATNRT2.3",2
"GO:1902170","GO:1902170","cellular response to reactive nitrogen species","2/48","15/21826",0.000488278681217177,0.0259764258407538,0.0209702844143798,"ATNRT2.5/ATNRT2.3",2
"GO:0071577","GO:0071577","zinc ion transmembrane transport","2/48","22/21826",0.00106371511816512,0.0404211744902745,0.0326312607677721,"ZIP5/ATZIP6",2
"GO:0010167","GO:0010167","response to nitrate","2/48","26/21826",0.00148820043596017,0.0474368352730826,0.0382948729549222,"ATNRT2.5/ATNRT2.3",2
"GO:0006829","GO:0006829","zinc ion transport","2/48","27/21826",0.00160500570472836,0.0474368352730826,0.0382948729549222,"ZIP5/ATZIP6",2
