"","ID","Description","GeneRatio","BgRatio","pvalue","p.adjust","qvalue","geneID","Count"
"GO:0005996","GO:0005996","monosaccharide metabolic process","5/51","134/21826",1.51544001155592e-05,0.00416746003177878,0.00331801602530138,"UXS6/ATUXS2/MIOX4/DUR/PCK2",5
"GO:0009226","GO:0009226","nucleotide-sugar biosynthetic process","3/51","42/21826",0.000129387140310403,0.0177907317926804,0.0141644869392441,"UXS6/ATUXS2/DUR",3
"GO:0009225","GO:0009225","nucleotide-sugar metabolic process","3/51","52/21826",0.000245016111597674,0.0199708164301046,0.0159002098276048,"UXS6/ATUXS2/DUR",3
"GO:0071249","GO:0071249","cellular response to nitrate","2/51","11/21826",0.000290484602619703,0.0199708164301046,0.0159002098276048,"ATNRT2.5/ATNRT2.3",2
"GO:1902170","GO:1902170","cellular response to reactive nitrogen species","2/51","15/21826",0.000551253965429566,0.0303189680986261,0.0241391210124947,"ATNRT2.5/ATNRT2.3",2
"GO:0071577","GO:0071577","zinc ion transmembrane transport","2/51","22/21826",0.00120013961237888,0.0471483419148846,0.0375382014097455,"ZIP5/ATZIP6",2
