"","ID","Description","GeneRatio","BgRatio","pvalue","p.adjust","qvalue","geneID","Count"
"GO:0008422","GO:0008422","beta-glucosidase activity","3/44","111/21809",0.00145993785032065,0.045102802315306,0.034227340802313,"NA/NA/BGLC1",3
"GO:0015926","GO:0015926","glucosidase activity","3/44","126/21809",0.00209780475885144,0.045102802315306,0.034227340802313,"NA/NA/BGLC1",3
