"","ID","Description","GeneRatio","BgRatio","pvalue","p.adjust","qvalue","geneID","Count"
"GO:0046658","GO:0046658","anchored component of plasma membrane","2/36","173/25052",0.0256156817156844,0.089277639444858,0.0626509750490232,"AtXYP2/UCC2",2
"GO:0009986","GO:0009986","cell surface","1/36","19/25052",0.0269625159704295,0.089277639444858,0.0626509750490232,"AtAUX1",1
"GO:0031012","GO:0031012","extracellular matrix","1/36","21/25052",0.029759213148286,0.089277639444858,0.0626509750490232,"ATPSK5",1
"GO:0031226","GO:0031226","intrinsic component of plasma membrane","2/36","271/25052",0.05773946616408,0.11200373278015,0.0785991107229121,"AtXYP2/UCC2",2
"GO:0048046","GO:0048046","apoplast","2/36","298/25052",0.0681963799953796,0.11200373278015,0.0785991107229121,"PATL1/NA",2
"GO:0031225","GO:0031225","anchored component of membrane","2/36","314/25052",0.0746691551867665,0.11200373278015,0.0785991107229121,"AtXYP2/UCC2",2
"GO:0009705","GO:0009705","plant-type vacuole membrane","1/36","129/25052",0.169712809724481,0.218202183931476,0.153124339601036,"UMAMIT5",1
"GO:0000325","GO:0000325","plant-type vacuole","1/36","177/25052",0.225418850869628,0.253596207228331,0.177962250686548,"UMAMIT5",1
"GO:0005768","GO:0005768","endosome","1/36","417/25052",0.453763341363425,0.453763341363425,0.318430414991877,"AtAUX1",1
