"","ID","Description","GeneRatio","BgRatio","pvalue","p.adjust","qvalue","geneID","Count"
"GO:0000122","GO:0000122","negative regulation of transcription by RNA polymerase II","4/74","48/21826",2.1156302353727e-05,0.00288106986222487,0.00248130418756209,"GRXS6/GRXC11/GRXS5/ROXY10",4
"GO:0003008","GO:0003008","system process","3/74","21/21826",4.76209894582623e-05,0.00288106986222487,0.00248130418756209,"ATSUC2/NAKR1/AAP2",3
"GO:0003013","GO:0003013","circulatory system process","3/74","21/21826",4.76209894582623e-05,0.00288106986222487,0.00248130418756209,"ATSUC2/NAKR1/AAP2",3
"GO:0003018","GO:0003018","vascular process in circulatory system","3/74","21/21826",4.76209894582623e-05,0.00288106986222487,0.00248130418756209,"ATSUC2/NAKR1/AAP2",3
"GO:0010232","GO:0010232","vascular transport","3/74","21/21826",4.76209894582623e-05,0.00288106986222487,0.00248130418756209,"ATSUC2/NAKR1/AAP2",3
"GO:0010233","GO:0010233","phloem transport","3/74","21/21826",4.76209894582623e-05,0.00288106986222487,0.00248130418756209,"ATSUC2/NAKR1/AAP2",3
"GO:0030001","GO:0030001","metal ion transport","6/74","269/21826",0.000304504754010806,0.0157907465294175,0.0135996860061969,"FEP2/FEP3/NA/NAKR1/HIPP21/NA",6
"GO:0043270","GO:0043270","positive regulation of ion transport","2/74","11/21826",0.000611492290199752,0.02466352237139,0.0212413111332545,"FEP2/FEP3",2
"GO:1990641","GO:1990641","response to iron ion starvation","2/74","13/21826",0.000863405495500419,0.0313416194866652,0.0269927823330131,"FEP2/FEP3",2
