"","ID","Description","GeneRatio","BgRatio","pvalue","p.adjust","qvalue","geneID","Count"
"GO:0009813","GO:0009813","flavonoid biosynthetic process","5/32","78/21826",9.55673859555316e-08,2.5707626822038e-05,1.88116854459836e-05,"ATRHM1/BRT1/A11/AtCHIL/ATMYB111",5
"GO:0009812","GO:0009812","flavonoid metabolic process","5/32","94/21826",2.44414105793978e-07,3.28736972292901e-05,2.40554935702495e-05,"ATRHM1/BRT1/A11/AtCHIL/ATMYB111",5
"GO:0009733","GO:0009733","response to auxin","6/32","337/21826",8.369141695889e-06,0.000615153952599859,0.000450142004054681,"ATRHM1/SAUR26/A11/SAUR16/AIL5/ATHB53",6
"GO:0009943","GO:0009943","adaxial/abaxial axis specification","3/32","28/21826",9.14727067062988e-06,0.000615153952599859,0.000450142004054681,"AS2/ATHB-14/ZPR1",3
"GO:0009411","GO:0009411","response to UV","4/32","126/21826",3.35932347652237e-05,0.00150609669197419,0.00110209384229769,"4CL3/DRT100/A11/ATMYB111",4
"GO:0048437","GO:0048437","floral organ development","4/32","255/21826",0.00050590305557953,0.00926850688579579,0.00678227660983687,"HDG12/AS2/ATHB-14/ATWRKY70",4
"GO:0080167","GO:0080167","response to karrikin","3/32","127/21826",0.00084354061671019,0.0133477897585318,0.00976731240401273,"BRT1/A11/AtCHIL",3
"GO:0046148","GO:0046148","pigment biosynthetic process","3/32","149/21826",0.00133751958931084,0.0199884871958119,0.0146266762105922,"ATRHM1/BRT1/ATMYB111",3
