"","ID","Description","GeneRatio","BgRatio","pvalue","p.adjust","qvalue","geneID","Count"
"GO:0009505","GO:0009505","plant-type cell wall","7/61","235/25052",1.65746703668432e-06,2.81769396236335e-05,1.91917235826606e-05,"TED6/ATLMCO4/GLP10/PRX56/TED7/Prx66/GASA10",7
"GO:0005764","GO:0005764","lysosome","2/61","45/25052",0.00539767176373641,0.0390252591897191,0.0265806718939263,"XCP2/XCP1",2
"GO:0000323","GO:0000323","lytic vacuole","2/61","51/25052",0.00688681044524455,0.0390252591897191,0.0265806718939263,"XCP2/XCP1",2
