"","ID","Description","GeneRatio","BgRatio","pvalue","p.adjust","qvalue","geneID","Count"
"GO:0048046","GO:0048046","apoplast","8/128","298/25052",0.000151957226477005,0.00531850292669518,0.00447873930669068,"GDSL1/sks5/NA/ARPN/ATGSTF10/NA/ATCAD9/ATSBT1.3",8
"GO:0010168","GO:0010168","ER body","2/128","12/25052",0.00165321091709661,0.0230889423938298,0.0194433199105935,"NA/ML3",2
"GO:0099503","GO:0099503","secretory vesicle","5/128","173/25052",0.00197905220518541,0.0230889423938298,0.0194433199105935,"sks5/ARPN/PLAT2/ML3/AtXTH22",5
