"","ID","Description","GeneRatio","BgRatio","pvalue","p.adjust","qvalue","geneID","Count"
"GO:0099503","GO:0099503","secretory vesicle","2/40","173/25052",0.031152418498537,0.243625435065644,0.227953623453234,"NA/AGAL2",2
"GO:0009505","GO:0009505","plant-type cell wall","2/40","235/25052",0.054138985570143,0.243625435065644,0.227953623453234,"ATEXP4/AGAL2",2
"GO:0031225","GO:0031225","anchored component of membrane","2/40","314/25052",0.0895265298066573,0.268579589419972,0.251302539808161,"AGP25/NA",2
"GO:0000790","GO:0000790","nuclear chromatin","1/40","150/25052",0.213694173429126,0.480811890215533,0.449882470377106,"BLH11",1
"GO:0000785","GO:0000785","chromatin","1/40","226/25052",0.304254034720303,0.482970207275671,0.451901948328113,"BLH11",1
"GO:0000228","GO:0000228","nuclear chromosome","1/40","242/25052",0.32198013818378,0.482970207275671,0.451901948328113,"BLH11",1
"GO:0048046","GO:0048046","apoplast","1/40","298/25052",0.380621125814104,0.489370018903848,0.457890076167343,"AGAL2",1
"GO:0005694","GO:0005694","chromosome","1/40","415/25052",0.487623966457845,0.490115659443819,0.458587751526381,"BLH11",1
"GO:0016021","GO:0016021","integral component of membrane","1/40","418/25052",0.490115659443819,0.490115659443819,0.458587751526381,"AHA1",1
