"","ID","Description","GeneRatio","BgRatio","pvalue","p.adjust","qvalue","geneID","Count"
"GO:1905392","GO:1905392","plant organ morphogenesis","8/41","445/21826",1.48500730236796e-06,0.000150966991463314,0.00011350901613783,"AIR3/DROP1/TCP10/ATAIG1/ATHB51/TCP17/AGAL2/TCP5",8
"GO:0010016","GO:0010016","shoot system morphogenesis","6/41","199/21826",1.83634656635932e-06,0.000150966991463314,0.00011350901613783,"TCP10/ATHB51/TCP17/AGAL2/TCP5/ERL1",6
"GO:0040034","GO:0040034","regulation of development, heterochronic","4/41","49/21826",2.13540638385677e-06,0.000150966991463314,0.00011350901613783,"TCP10/ATHB51/TCP17/TCP5",4
"GO:0009965","GO:0009965","leaf morphogenesis","5/41","115/21826",2.39630145179863e-06,0.000150966991463314,0.00011350901613783,"TCP10/ATHB51/TCP17/AGAL2/TCP5",5
"GO:0009938","GO:0009938","negative regulation of gibberellic acid mediated signaling pathway","2/41","16/21826",0.00040630694397084,0.0170648916467753,0.0128307455990791,"AtSTY1/SRS2",2
"GO:0048440","GO:0048440","carpel development","3/41","81/21826",0.000474150352852223,0.01706941270268,0.0128341448892331,"AtSTY1/SRS2/ERL1",3
