"","ID","Description","GeneRatio","BgRatio","pvalue","p.adjust","qvalue","geneID","Count"
"GO:0099503","GO:0099503","secretory vesicle","8/120","173/25052",1.91493143860088e-06,0.000116810817754654,0.000116810817754654,"ATPDI5/AtCRT1a/NA/ATPDI11/ARAF/FKBP15-1/AtHsp90-7/ATPLAT1",8
"GO:0009505","GO:0009505","plant-type cell wall","6/120","235/25052",0.000959077446899846,0.0292518621304453,0.0292518621304453,"SCPL45/LCR69/NA/ATPDI11/PRXR1/EXL2",6
