"","ID","Description","GeneRatio","BgRatio","pvalue","p.adjust","qvalue","geneID","Count"
"GO:0009505","GO:0009505","plant-type cell wall","2/27","235/25052",0.0263635812663898,0.131817906331949,0.111004552700589,"GASA1/Prx47",2
"GO:0005887","GO:0005887","integral component of plasma membrane","1/27","97/25052",0.0994953636039756,0.248738409009939,0.209463923376791,"ATRBOH",1
"GO:0031226","GO:0031226","intrinsic component of plasma membrane","1/27","271/25052",0.254587148281905,0.360938832775836,0.303948490758599,"ATRBOH",1
"GO:0031225","GO:0031225","anchored component of membrane","1/27","314/25052",0.288751066220669,0.360938832775836,0.303948490758599,"NA",1
"GO:0016021","GO:0016021","integral component of membrane","1/27","418/25052",0.365261127565547,0.365261127565547,0.307588317949934,"ATRBOH",1
