"","ID","Description","GeneRatio","BgRatio","pvalue","p.adjust","qvalue","geneID","Count"
"GO:1901141","GO:1901141","regulation of lignin biosynthetic process","2/24","14/21826",0.000104604284722179,0.0172597069791596,0.0115615262061356,"AtMYB20/ATWRKY13",2
"GO:2000762","GO:2000762","regulation of phenylpropanoid metabolic process","2/24","25/21826",0.000342310697914996,0.0282406325779872,0.018917170147934,"AtMYB20/ATWRKY13",2
"GO:1900376","GO:1900376","regulation of secondary metabolite biosynthetic process","2/24","32/21826",0.000563300079047664,0.0309815043476215,0.0207531608070192,"AtMYB20/ATWRKY13",2
"GO:0009690","GO:0009690","cytokinin metabolic process","2/24","40/21826",0.000881091388172282,0.0363450197621066,0.0243459462521288,"ATCKX6/LOG7",2
"GO:0042743","GO:0042743","hydrogen peroxide metabolic process","2/24","51/21826",0.00142965708784681,0.040566940275946,0.0271740269791026,"ATRBOH/Prx47",2
"GO:0034754","GO:0034754","cellular hormone metabolic process","2/24","56/21826",0.0017210217086765,0.040566940275946,0.0271740269791026,"ATCKX6/LOG7",2
"GO:0009808","GO:0009808","lignin metabolic process","2/24","68/21826",0.00252537745596744,0.0462985866927364,0.0310134073539861,"AtMYB20/ATWRKY13",2
