"","ID","Description","GeneRatio","BgRatio","pvalue","p.adjust","qvalue","geneID","Count"
"GO:0009651","GO:0009651","response to salt stress","11/82","483/21826",1.89173987801134e-06,0.000542929344989253,0.000499817588821943,"ESL1/ATOCT6/AtNCL/AtGolS2/BGLU25/ATCML9/SIS/HHP1/SIED1/FAR1/COR78",11
"GO:0009415","GO:0009415","response to water","9/82","407/21826",2.19964686033551e-05,0.00315649324458146,0.00290584927339059,"AtLEA14/ESL1/ATOCT6/AtGolS2/AtPUB23/GPDHC1/ATCML9/RS5/COR78",9
"GO:0001101","GO:0001101","response to acid chemical","9/82","438/21826",3.90212617037423e-05,0.00373303403632468,0.00343660936408397,"AtLEA14/ESL1/ATOCT6/AtGolS2/AtPUB23/GPDHC1/ATCML9/RS5/COR78",9
