"","ID","Description","GeneRatio","BgRatio","pvalue","p.adjust","qvalue","geneID","Count"
"GO:0048226","GO:0048226","Casparian strip","1/31","12/25052",0.0147516856887319,0.0729255443948879,0.0548312363871338,"AtMYB36",1
"GO:0009531","GO:0009531","secondary cell wall","1/31","17/25052",0.0208358698271108,0.0729255443948879,0.0548312363871338,"AtMYB36",1
"GO:0019005","GO:0019005","SCF ubiquitin ligase complex","1/31","80/25052",0.0944492916247031,0.22038168045764,0.165700511622286,"ATSKP2;2",1
"GO:0009505","GO:0009505","plant-type cell wall","1/31","235/25052",0.253487967322019,0.327167701107177,0.245990752712163,"AtMYB36",1
"GO:0031461","GO:0031461","cullin-RING ubiquitin ligase complex","1/31","241/25052",0.259066089138879,0.327167701107177,0.245990752712163,"ATSKP2;2",1
"GO:0048046","GO:0048046","apoplast","1/31","298/25052",0.310085348194543,0.327167701107177,0.245990752712163,"ATMS2",1
"GO:0000151","GO:0000151","ubiquitin ligase complex","1/31","318/25052",0.327167701107177,0.327167701107177,0.245990752712163,"ATSKP2;2",1
