"","ID","Description","GeneRatio","BgRatio","pvalue","p.adjust","qvalue","geneID","Count"
"GO:0046658","GO:0046658","anchored component of plasma membrane","1/25","173/25052",0.159134103009676,0.378692912690566,0.378692912690566,"NA",1
"GO:0031226","GO:0031226","intrinsic component of plasma membrane","1/25","271/25052",0.238177657553708,0.378692912690566,0.378692912690566,"NA",1
"GO:0048046","GO:0048046","apoplast","1/25","298/25052",0.258669378180469,0.378692912690566,0.378692912690566,"CLE25",1
"GO:0005802","GO:0005802","trans-Golgi network","1/25","312/25052",0.269085333526815,0.378692912690566,0.378692912690566,"FL3",1
"GO:0031225","GO:0031225","anchored component of membrane","1/25","314/25052",0.2705618091251,0.378692912690566,0.378692912690566,"NA",1
"GO:0098791","GO:0098791","Golgi apparatus subcompartment","1/25","390/25052",0.324593925163342,0.378692912690566,0.378692912690566,"FL3",1
"GO:0005730","GO:0005730","nucleolus","1/25","486/25052",0.387370146473422,0.387370146473422,0.387370146473422,"DOF2.1",1
