"","ID","Description","GeneRatio","BgRatio","pvalue","p.adjust","qvalue","geneID","Count"
"GO:1990204","GO:1990204","oxidoreductase complex","1/17","141/25052",0.0915196308036479,0.193049012096736,0.193049012096736,"NA",1
"GO:0046658","GO:0046658","anchored component of plasma membrane","1/17","173/25052",0.111162460112211,0.193049012096736,0.193049012096736,"NA",1
"GO:0031226","GO:0031226","intrinsic component of plasma membrane","1/17","271/25052",0.168861452378167,0.193049012096736,0.193049012096736,"NA",1
"GO:0031225","GO:0031225","anchored component of membrane","1/17","314/25052",0.193049012096736,0.193049012096736,0.193049012096736,"NA",1
