"","ID","Description","GeneRatio","BgRatio","pvalue","p.adjust","qvalue","geneID","Count"
"GO:0003002","GO:0003002","regionalization","2/11","179/21826",0.00350405843991805,0.0390001502476461,0.0179605955087844,"ABCG13/ATMYC1",2
"GO:0007389","GO:0007389","pattern specification process","2/11","212/21826",0.00487501878095576,0.0390001502476461,0.0179605955087844,"ABCG13/ATMYC1",2
