"","ID","Description","GeneRatio","BgRatio","pvalue","p.adjust","qvalue","geneID","Count"
"GO:0102336","GO:0102336","3-oxo-arachidoyl-CoA synthase activity","5/112","23/21809",1.02038447019941e-07,3.95398982202273e-06,3.38338008539806e-06,"DAISY/KCS8/FDH/KCS16/KCS19",5
"GO:0102337","GO:0102337","3-oxo-cerotoyl-CoA synthase activity","5/112","23/21809",1.02038447019941e-07,3.95398982202273e-06,3.38338008539806e-06,"DAISY/KCS8/FDH/KCS16/KCS19",5
"GO:0102338","GO:0102338","3-oxo-lignoceronyl-CoA synthase activity","5/112","23/21809",1.02038447019941e-07,3.95398982202273e-06,3.38338008539806e-06,"DAISY/KCS8/FDH/KCS16/KCS19",5
"GO:0102756","GO:0102756","very-long-chain 3-ketoacyl-CoA synthase activity","5/112","23/21809",1.02038447019941e-07,3.95398982202273e-06,3.38338008539806e-06,"DAISY/KCS8/FDH/KCS16/KCS19",5
"GO:0004364","GO:0004364","glutathione transferase activity","4/112","59/21809",0.000241306431711565,0.0053432138450418,0.0045721218640086,"ATGSTU26/ATGSTU13/ATGSTF10/ATGSTU27",4
"GO:0019187","GO:0019187","beta-1,4-mannosyltransferase activity","3/112","27/21809",0.000352500981431575,0.00546376521218941,0.00467527617477667,"ATCSLA03/AtMSR1/ATCSLA02",3
"GO:0051753","GO:0051753","mannan synthase activity","3/112","27/21809",0.000352500981431575,0.00546376521218941,0.00467527617477667,"ATCSLA03/AtMSR1/ATCSLA02",3
"GO:0042389","GO:0042389","omega-3 fatty acid desaturase activity","2/112","12/21809",0.00166812941059713,0.0198892352801966,0.0170189721243108,"ADS1/NA",2
