"","ID","Description","GeneRatio","BgRatio","pvalue","p.adjust","qvalue","geneID","Count"
"GO:0048046","GO:0048046","apoplast","8/122","298/25052",0.000108809896515937,0.00337310679199404,0.00274888159619209,"GDSL1/sks5/NA/ARPN/ATGSTF10/NA/ATCAD9/ATSBT1.3",8
"GO:0010168","GO:0010168","ER body","2/122","12/25052",0.00150367176057126,0.0165614858649281,0.0134966268508752,"NA/ML3",2
"GO:0099503","GO:0099503","secretory vesicle","5/122","173/25052",0.00160272443854142,0.0165614858649281,0.0134966268508752,"sks5/ARPN/PLAT2/ML3/AtXTH22",5
