"","ID","Description","GeneRatio","BgRatio","pvalue","p.adjust","qvalue","geneID","Count"
"GO:0009986","GO:0009986","cell surface","1/26","19/25052",0.0195428329856809,0.0977141649284047,0.0822856125712882,"AtAUX1",1
"GO:0046658","GO:0046658","anchored component of plasma membrane","1/26","173/25052",0.164946617501199,0.349642085992558,0.294435440835838,"NHL26",1
"GO:0031226","GO:0031226","intrinsic component of plasma membrane","1/26","271/25052",0.246426902561218,0.349642085992558,0.294435440835838,"NHL26",1
"GO:0031225","GO:0031225","anchored component of membrane","1/26","314/25052",0.279713668794046,0.349642085992558,0.294435440835838,"NHL26",1
"GO:0005768","GO:0005768","endosome","1/26","417/25052",0.353797225314332,0.353797225314332,0.297934505527859,"AtAUX1",1
