"","ID","Description","GeneRatio","BgRatio","pvalue","p.adjust","qvalue","geneID","Count"
"GO:0016538","GO:0016538","cyclin-dependent protein serine/threonine kinase regulator activity","6/71","53/21809",1.95223442550842e-08,1.56178754040673e-06,1.27408983559497e-06,"CYCB2;4/CYCB2;1/CYC2/CYCB2;2/CYC1/CYC1BAT",6
"GO:0008017","GO:0008017","microtubule binding","5/71","162/21809",0.000186384993719844,0.00372769987439688,0.00304101831858693,"NA/CORD4/RSW7/EDE1/PAKRP2",5
"GO:0003777","GO:0003777","microtubule motor activity","3/71","65/21809",0.00124975821869669,0.0137692349076327,0.0112327968983319,"NA/RSW7/PAKRP2",3
"GO:0008574","GO:0008574","ATP-dependent microtubule motor activity, plus-end-directed","2/71","17/21809",0.00137692349076327,0.0137692349076327,0.0112327968983319,"NA/RSW7",2
"GO:0009055","GO:0009055","electron transfer activity","4/71","159/21809",0.00180864501952171,0.0144691601561737,0.0118037885484575,"AtENODL14/AtENODL15/NA/AtENODL13",4
