"","ID","Description","GeneRatio","BgRatio","pvalue","p.adjust","qvalue","geneID","Count"
"GO:0048859","GO:0048859","formation of anatomical boundary","3/29","16/21826",1.16734348068751e-06,8.40487306095007e-05,6.45110870906255e-05,"AtMYB117/ANAC031/LOB",3
"GO:0090691","GO:0090691","formation of plant organ boundary","3/29","16/21826",1.16734348068751e-06,8.40487306095007e-05,6.45110870906255e-05,"AtMYB117/ANAC031/LOB",3
"GO:0080167","GO:0080167","response to karrikin","3/29","127/21826",0.000629388743105215,0.0302106596690503,0.023188006324929,"ABS2/NA/NA",3
"GO:0015706","GO:0015706","nitrate transport","2/29","40/21826",0.00128861312908591,0.0463900726470929,0.0356064154089529,"AtNPF1.2/NRT1.12",2
