"","ID","Description","GeneRatio","BgRatio","pvalue","p.adjust","qvalue","geneID","Count"
"GO:0030133","GO:0030133","transport vesicle","1/33","56/25052",0.0712320859195414,0.347905308551722,0.347905308551722,"MyoB1",1
"GO:0009705","GO:0009705","plant-type vacuole membrane","1/33","129/25052",0.156735613702493,0.347905308551722,0.347905308551722,"DELTA-TIP2",1
"GO:0000325","GO:0000325","plant-type vacuole","1/33","177/25052",0.208743185131033,0.347905308551722,0.347905308551722,"DELTA-TIP2",1
"GO:0031225","GO:0031225","anchored component of membrane","1/33","314/25052",0.340650429883154,0.425813037353942,0.425813037353942,"NA",1
"GO:0016021","GO:0016021","integral component of membrane","1/33","418/25052",0.42628240132068,0.42628240132068,0.42628240132068,"MyoB1",1
