"","ID","Description","GeneRatio","BgRatio","pvalue","p.adjust","qvalue","geneID","Count"
"GO:0048859","GO:0048859","formation of anatomical boundary","3/29","16/21826",1.16734348068751e-06,8.5799745830532e-05,6.26679131737505e-05,"AtMYB117/ANAC031/LOB",3
"GO:0090691","GO:0090691","formation of plant organ boundary","3/29","16/21826",1.16734348068751e-06,8.5799745830532e-05,6.26679131737505e-05,"AtMYB117/ANAC031/LOB",3
"GO:0048532","GO:0048532","anatomical structure arrangement","3/29","85/21826",0.000193587299453927,0.00673195621103216,0.00491700346240802,"ANAC031/RAB/DPA4",3
"GO:0048441","GO:0048441","petal development","2/29","17/21826",0.00022897810241606,0.00673195621103216,0.00491700346240802,"ROT3/RAB",2
"GO:0048465","GO:0048465","corolla development","2/29","17/21826",0.00022897810241606,0.00673195621103216,0.00491700346240802,"ROT3/RAB",2
"GO:0048507","GO:0048507","meristem development","4/29","282/21826",0.000502268945091906,0.0123055891547517,0.00898797059638147,"ANAC031/RAB/DPA4/AtYUC4",4
"GO:0080167","GO:0080167","response to karrikin","3/29","127/21826",0.000629388743105215,0.0132171636052095,0.00965378222507247,"ABS2/NA/NA",3
"GO:0015706","GO:0015706","nitrate transport","2/29","40/21826",0.00128861312908591,0.0236782662469536,0.0172945446272057,"AtNPF1.2/NRT1.12",2
