"","ID","Description","GeneRatio","BgRatio","pvalue","p.adjust","qvalue","geneID","Count"
"GO:0099503","GO:0099503","secretory vesicle","7/127","173/25052",2.9546905622632e-05,0.00103414169679212,0.000901958171638239,"sks5/ARPN/PLAT2/FKBP15-1/AtHsp90-7/ML3/AtXTH22",7
"GO:0048046","GO:0048046","apoplast","8/127","298/25052",0.000143922021288028,0.00251863537254049,0.00219670453544885,"GDSL1/sks5/NA/ARPN/ATGSTF10/NA/ATCAD9/ATSBT1.3",8
"GO:0010168","GO:0010168","ER body","2/127","12/25052",0.00162781251696245,0.0189911460312286,0.0165637063129512,"NA/ML3",2
