"","ID","Description","GeneRatio","BgRatio","pvalue","p.adjust","qvalue","geneID","Count"
"GO:1905392","GO:1905392","plant organ morphogenesis","9/44","445/21826",2.11475395119075e-07,5.43491765456023e-05,4.25176847028878e-05,"AIR3/DROP1/TCP10/ATAIG1/ATHB51/TCP17/AGAL2/TCP5/ATPSK5",9
"GO:0040034","GO:0040034","regulation of development, heterochronic","4/44","49/21826",2.84835535949299e-06,0.000220326797687007,0.000172362966857335,"TCP10/ATHB51/TCP17/TCP5",4
"GO:0009938","GO:0009938","negative regulation of gibberellic acid mediated signaling pathway","2/44","16/21826",0.000468138807597127,0.0200519455920769,0.0156867565352721,"AtSTY1/SRS2",2
"GO:0048440","GO:0048440","carpel development","3/44","81/21826",0.000584387070386907,0.0214553538699193,0.0167846511945713,"AtSTY1/SRS2/ERL1",3
