"","ID","Description","GeneRatio","BgRatio","pvalue","p.adjust","qvalue","geneID","Count"
"GO:0000322","GO:0000322","storage vacuole","2/62","12/25052",0.000391437948457613,0.00508869332994896,0.00453243940319341,"GAMMA-TIP/AQP1",2
"GO:0000326","GO:0000326","protein storage vacuole","2/62","12/25052",0.000391437948457613,0.00508869332994896,0.00453243940319341,"GAMMA-TIP/AQP1",2
