"","ID","Description","GeneRatio","BgRatio","pvalue","p.adjust","qvalue","geneID","Count"
"GO:0010168","GO:0010168","ER body","5/39","12/25052",5.50384384526536e-12,8.80615015242458e-11,7.53157578825786e-11,"ERMO3/BGLU23/NAI2/MEB1/MEB2",5
"GO:0009986","GO:0009986","cell surface","2/39","19/25052",0.00039710803863203,0.00317686430905624,0.00271705500116652,"ANN3/ANNAT2",2
