"","ID","Description","GeneRatio","BgRatio","pvalue","p.adjust","qvalue","geneID","Count"
"GO:0004867","GO:0004867","serine-type endopeptidase inhibitor activity","2/47","20/21809",0.00084257515264337,0.0247273511871289,0.0169187139701408,"NA/NA",2
"GO:0003756","GO:0003756","protein disulfide isomerase activity","2/47","23/21809",0.00111734341382692,0.0247273511871289,0.0169187139701408,"ATPDI5/ATPDI11",2
"GO:0016864","GO:0016864","intramolecular oxidoreductase activity, transposing S-S bonds","2/47","23/21809",0.00111734341382692,0.0247273511871289,0.0169187139701408,"ATPDI5/ATPDI11",2
"GO:0004866","GO:0004866","endopeptidase inhibitor activity","2/47","28/21809",0.00165797557545386,0.0247273511871289,0.0169187139701408,"NA/NA",2
"GO:0061135","GO:0061135","endopeptidase regulator activity","2/47","29/21809",0.00177834757865146,0.0247273511871289,0.0169187139701408,"NA/NA",2
"GO:0030414","GO:0030414","peptidase inhibitor activity","2/47","30/21809",0.00190276099724568,0.0247273511871289,0.0169187139701408,"NA/NA",2
"GO:0061134","GO:0061134","peptidase regulator activity","2/47","32/21809",0.00216364322887378,0.0247273511871289,0.0169187139701408,"NA/NA",2
