"","ID","Description","GeneRatio","BgRatio","pvalue","p.adjust","qvalue","geneID","Count"
"GO:0043596","GO:0043596","nuclear replication fork","2/19","30/25052",0.000234070667658652,0.00585176669146631,0.00418863300020746,"NA/PSF2",2
"GO:0005657","GO:0005657","replication fork","2/19","48/25052",0.000602050241022483,0.00752562801278104,0.00538676531441169,"NA/PSF2",2
