"","ID","Description","GeneRatio","BgRatio","pvalue","p.adjust","qvalue","geneID","Count"
"GO:0009505","GO:0009505","plant-type cell wall","7/62","235/25052",1.85361246688322e-06,3.15114119370148e-05,2.14628811954899e-05,"TED6/ATLMCO4/GLP10/PRX56/TED7/Prx66/GASA10",7
"GO:0005764","GO:0005764","lysosome","2/62","45/25052",0.00557125450370969,0.0402739328972432,0.0274311617256765,"XCP2/XCP1",2
"GO:0000323","GO:0000323","lytic vacuole","2/62","51/25052",0.00710716462892527,0.0402739328972432,0.0274311617256765,"XCP2/XCP1",2
