"","ID","Description","GeneRatio","BgRatio","pvalue","p.adjust","qvalue","geneID","Count"
"GO:0009733","GO:0009733","response to auxin","6/38","337/21826",2.358373652259e-05,0.00424687217905757,0.00363118464863369,"IAA3/AtIAA17/ATAUX2-27/SAUR27/NA/IAA14",6
"GO:0010583","GO:0010583","response to cyclopentenone","3/38","35/21826",3.06633370329067e-05,0.00424687217905757,0.00363118464863369,"IAA3/ATAUX2-27/FLA2",3
