"","ID","Description","GeneRatio","BgRatio","pvalue","p.adjust","qvalue","geneID","Count"
"GO:0009651","GO:0009651","response to salt stress","11/82","483/21826",1.89173987801134e-06,0.000654541997791922,0.000607348066098376,"ESL1/ATOCT6/AtNCL/AtGolS2/BGLU25/ATCML9/SIS/HHP1/SIED1/FAR1/COR78",11
"GO:0009415","GO:0009415","response to water","9/82","407/21826",2.19964686033551e-05,0.00380538906838043,0.00353101206527542,"AtLEA14/ESL1/ATOCT6/AtGolS2/AtPUB23/GPDHC1/ATCML9/RS5/COR78",9
"GO:0001101","GO:0001101","response to acid chemical","9/82","438/21826",3.90212617037423e-05,0.00450045218316495,0.00417595958583909,"AtLEA14/ESL1/ATOCT6/AtGolS2/AtPUB23/GPDHC1/ATCML9/RS5/COR78",9
"GO:0009620","GO:0009620","response to fungus","7/82","374/21826",0.000517662307161938,0.0358222316556061,0.0332393691967139,"AtLEA14/NA/LACS2/ATBFRUCT1/MO1/NA/AtDMR6",7
