"","ID","Description","GeneRatio","BgRatio","pvalue","p.adjust","qvalue","geneID","Count"
"GO:0008092","GO:0008092","cytoskeletal protein binding","16/63","308/21809",3.4184621654637e-16,3.28172367884515e-14,2.08706111154626e-14,"DRP5A/ZCF125/NA/NA/NET3C/NA/MAP65-4/CORD3/NA/NA/NA/NA/ADL1/AtFIM2/ATMAP65-3/ATEB1C",16
"GO:0030332","GO:0030332","cyclin binding","4/63","10/21809",1.31027716231094e-08,3.14466518954626e-07,1.99989672142196e-07,"CDKB2;2/CDKB2;1/CDKB1;2/CDC2B",4
"GO:0008353","GO:0008353","RNA polymerase II CTD heptapeptide repeat kinase activity","4/63","28/21809",1.22868550917155e-06,1.97877215980363e-05,1.25842966303301e-05,"CDKB2;2/CDKB2;1/CDKB1;2/CDC2B",4
"GO:0003777","GO:0003777","microtubule motor activity","5/63","65/21809",1.23673259987727e-06,1.97877215980363e-05,1.25842966303301e-05,"ZCF125/NA/NA/NA/NA",5
"GO:0004693","GO:0004693","cyclin-dependent protein serine/threonine kinase activity","4/63","33/21809",2.42914465296976e-06,2.91497358356371e-05,1.85382091937166e-05,"CDKB2;2/CDKB2;1/CDKB1;2/CDC2B",4
"GO:0097472","GO:0097472","cyclin-dependent protein kinase activity","4/63","33/21809",2.42914465296976e-06,2.91497358356371e-05,1.85382091937166e-05,"CDKB2;2/CDKB2;1/CDKB1;2/CDC2B",4
"GO:0016538","GO:0016538","cyclin-dependent protein serine/threonine kinase regulator activity","4/63","53/21809",1.66472440879779e-05,0.000159813543244588,0.000101635806010813,"CYCB2;3/CYCA1;1/CYCA2;4/CKS2",4
"GO:0008139","GO:0008139","nuclear localization sequence binding","2/63","17/21809",0.00108611760637684,0.00695115268081179,0.00442068920490224,"IMPA-6/ATIMPALPHA3",2
"GO:0061608","GO:0061608","nuclear import signal receptor activity","2/63","17/21809",0.00108611760637684,0.00695115268081179,0.00442068920490224,"IMPA-6/ATIMPALPHA3",2
