"","ID","Description","GeneRatio","BgRatio","pvalue","p.adjust","qvalue","geneID","Count"
"GO:0071669","GO:0071669","plant-type cell wall organization or biogenesis","8/37","303/21826",3.42351858566766e-08,8.14797423388903e-06,6.2704445674334e-06,"ANAC007/VRLK1/TBL33/ROPGAP4/ATFLA11/RIC4/ATEXP14/AtFLA12",8
"GO:0009834","GO:0009834","plant-type secondary cell wall biogenesis","5/37","88/21826",3.73960315382809e-07,4.45012775305542e-05,3.42468920403204e-05,"ANAC007/VRLK1/TBL33/ATFLA11/AtFLA12",5
"GO:1903338","GO:1903338","regulation of cell wall organization or biogenesis","3/37","46/21826",6.47390765556165e-05,0.00308158004404734,0.00237149459382679,"ANAC007/VRLK1/ANAC101",3
"GO:0048759","GO:0048759","xylem vessel member cell differentiation","2/37","11/21826",0.000152320715605951,0.0060420550523694,0.00464979026586588,"ANAC007/ANAC101",2
"GO:1905177","GO:1905177","tracheary element differentiation","2/37","17/21826",0.000374240614411869,0.0127241808900036,0.0097921604372429,"ANAC007/ANAC101",2
"GO:2000652","GO:2000652","regulation of secondary cell wall biogenesis","2/37","30/21826",0.00118052293414441,0.0345072227420677,0.0265557574397159,"ANAC007/VRLK1",2
"GO:0071555","GO:0071555","cell wall organization","4/37","283/21826",0.00130489497764121,0.0345072227420677,0.0265557574397159,"ROPGAP4/NA/RIC4/ATEXP14",4
"GO:0044087","GO:0044087","regulation of cellular component biogenesis","3/37","142/21826",0.00178165182014072,0.0424033133193491,0.0326323596531037,"ANAC007/VRLK1/RIC4",3
"GO:0010089","GO:0010089","xylem development","2/37","42/21826",0.00230691775333766,0.0458051492168278,0.0352503138599205,"ANAC007/ANAC101",2
