"","ID","Description","GeneRatio","BgRatio","pvalue","p.adjust","qvalue","geneID","Count"
"GO:0016413","GO:0016413","O-acetyltransferase activity","2/31","51/21809",0.00238727043477231,0.0431889171948937,0.0308798613508674,"TBL40/TBL33",2
"GO:0008236","GO:0008236","serine-type peptidase activity","3/31","190/21809",0.002444655690277,0.0431889171948937,0.0308798613508674,"ATSBT1.1/scpl20/NA",3
"GO:0017171","GO:0017171","serine hydrolase activity","3/31","190/21809",0.002444655690277,0.0431889171948937,0.0308798613508674,"ATSBT1.1/scpl20/NA",3
