"","ID","Description","GeneRatio","BgRatio","pvalue","p.adjust","qvalue","geneID","Count"
"GO:0016538","GO:0016538","cyclin-dependent protein serine/threonine kinase regulator activity","6/33","53/21809",1.61966306864192e-10,1.00419110255799e-08,6.13767057590621e-09,"CYCB2;4/CYCB2;1/CYC2/CYCB2;2/CYC1/CYC1BAT",6
"GO:0008017","GO:0008017","microtubule binding","5/33","162/21809",4.26428975466201e-06,6.24530532160967e-05,3.81716454291932e-05,"CORD4/RSW7/EDE1/PAKRP2/NA",5
"GO:0015631","GO:0015631","tubulin binding","5/33","174/21809",6.04384385962226e-06,6.24530532160967e-05,3.81716454291932e-05,"CORD4/RSW7/EDE1/PAKRP2/NA",5
"GO:0003777","GO:0003777","microtubule motor activity","2/33","65/21809",0.00435112887091436,0.0337212487495863,0.0206106104411733,"RSW7/PAKRP2",2
