"","ID","Description","GeneRatio","BgRatio","pvalue","p.adjust","qvalue","geneID","Count"
"GO:0071555","GO:0071555","cell wall organization","6/42","283/21826",1.59714381784567e-05,0.00391300235372188,0.00326153579644273,"ATROPGEF4/PAE8/AtGH9B18/ATEXP9/ATPMEPCRF/SCAP1",6
"GO:0010052","GO:0010052","guard cell differentiation","2/42","18/21826",0.000542385356136432,0.0332211030633564,0.0276901997606494,"FMA/SCAP1",2
