"","ID","Description","GeneRatio","BgRatio","pvalue","p.adjust","qvalue","geneID","Count"
"GO:0004867","GO:0004867","serine-type endopeptidase inhibitor activity","2/44","20/21809",0.000738567457338289,0.0269606732806409,0.0191862463672463,"NA/NA",2
"GO:0004866","GO:0004866","endopeptidase inhibitor activity","2/44","28/21809",0.00145437585136271,0.0269606732806409,0.0191862463672463,"NA/NA",2
"GO:0061135","GO:0061135","endopeptidase regulator activity","2/44","29/21809",0.00156010829414788,0.0269606732806409,0.0191862463672463,"NA/NA",2
"GO:0030414","GO:0030414","peptidase inhibitor activity","2/44","30/21809",0.00166940572199232,0.0269606732806409,0.0191862463672463,"NA/NA",2
"GO:0061134","GO:0061134","peptidase regulator activity","2/44","32/21809",0.00189863896342542,0.0269606732806409,0.0191862463672463,"NA/NA",2
