"","ID","Description","GeneRatio","BgRatio","pvalue","p.adjust","qvalue","geneID","Count"
"GO:0016538","GO:0016538","cyclin-dependent protein serine/threonine kinase regulator activity","6/32","53/21809",1.32763204369059e-10,8.23131867088163e-09,5.03102669188012e-09,"CYCB2;4/CYCB2;1/CYC2/CYCB2;2/CYC1/CYC1BAT",6
"GO:0008017","GO:0008017","microtubule binding","4/32","162/21809",8.96926838820321e-05,0.0011121892801372,0.000679776130474349,"RSW7/EDE1/PAKRP2/NA",4
"GO:0003777","GO:0003777","microtubule motor activity","2/32","65/21809",0.00409526212155737,0.0317382814420696,0.0193986100494823,"RSW7/PAKRP2",2
