"","ID","Description","GeneRatio","BgRatio","pvalue","p.adjust","qvalue","geneID","Count"
"GO:0016998","GO:0016998","cell wall macromolecule catabolic process","4/144","33/21826",6.40796902314294e-05,0.0185690700282835,0.0172785763566465,"CHI/NA/ATCHITIV/NA",4
"GO:0009267","GO:0009267","cellular response to starvation","7/144","161/21826",9.83478656940566e-05,0.0185690700282835,0.0172785763566465,"NA/SS2/ATRNS1/ATPAP10/ATATG8E/ATMYB2/ATG8H",7
"GO:0031667","GO:0031667","response to nutrient levels","8/144","227/21826",0.00013544069261351,0.0185690700282835,0.0172785763566465,"NA/SS2/ATRNS1/ATPAP10/ATATG8E/ATMYB2/ATG8H/ATWRKY75",8
"GO:0019748","GO:0019748","secondary metabolic process","10/144","363/21826",0.000152795522189882,0.0185690700282835,0.0172785763566465,"KFB01/NHL6/ATGSTU12/ATGSTF3/4CL5/4CL2/GT72B1/GH3.5/ASFT/CYP81F2",10
"GO:0031669","GO:0031669","cellular response to nutrient levels","7/144","176/21826",0.000170985911862647,0.0185690700282835,0.0172785763566465,"NA/SS2/ATRNS1/ATPAP10/ATATG8E/ATMYB2/ATG8H",7
"GO:0010167","GO:0010167","response to nitrate","3/144","26/21826",0.000654232013875848,0.034227771648971,0.0318490460240498,"ATNRT2.6/ATCIPK8/ATNRT3.1",3
"GO:0071496","GO:0071496","cellular response to external stimulus","7/144","221/21826",0.000675180001184686,0.034227771648971,0.0318490460240498,"NA/SS2/ATRNS1/ATPAP10/ATATG8E/ATMYB2/ATG8H",7
"GO:0009611","GO:0009611","response to wounding","7/144","222/21826",0.000693380272815251,0.034227771648971,0.0318490460240498,"SS2/ATRNS1/NA/4CL2/ATCHITIV/AtPP2-A13/ATNRT3.1",7
"GO:0009620","GO:0009620","response to fungus","9/144","374/21826",0.000864525836190275,0.0391197940876099,0.0364010878395905,"ATGRXS13/AtHMAD1/NA/NA/ATTI1/4CL2/AtILP/CYP81F2/ERF114",9
