"","ID","Description","GeneRatio","BgRatio","pvalue","p.adjust","qvalue","geneID","Count"
"GO:0018995","GO:0018995","host cellular component","1/26","161/25052",0.154405754254377,0.164946617501199,0.164946617501199,"AT-HSFA6B",1
"GO:0033643","GO:0033643","host cell part","1/26","161/25052",0.154405754254377,0.164946617501199,0.164946617501199,"AT-HSFA6B",1
"GO:0033646","GO:0033646","host intracellular part","1/26","161/25052",0.154405754254377,0.164946617501199,0.164946617501199,"AT-HSFA6B",1
"GO:0033647","GO:0033647","host intracellular organelle","1/26","161/25052",0.154405754254377,0.164946617501199,0.164946617501199,"AT-HSFA6B",1
"GO:0033648","GO:0033648","host intracellular membrane-bounded organelle","1/26","161/25052",0.154405754254377,0.164946617501199,0.164946617501199,"AT-HSFA6B",1
"GO:0042025","GO:0042025","host cell nucleus","1/26","161/25052",0.154405754254377,0.164946617501199,0.164946617501199,"AT-HSFA6B",1
"GO:0043656","GO:0043656","host intracellular region","1/26","161/25052",0.154405754254377,0.164946617501199,0.164946617501199,"AT-HSFA6B",1
"GO:0043657","GO:0043657","host cell","1/26","161/25052",0.154405754254377,0.164946617501199,0.164946617501199,"AT-HSFA6B",1
"GO:0099503","GO:0099503","secretory vesicle","1/26","173/25052",0.164946617501199,0.164946617501199,0.164946617501199,"ATHCHIB",1
