"","ID","Description","GeneRatio","BgRatio","pvalue","p.adjust","qvalue","geneID","Count"
"GO:0046658","GO:0046658","anchored component of plasma membrane","1/12","173/25052",0.0798084384025859,0.140488565730945,0.140488565730945,"NA",1
"GO:0031226","GO:0031226","intrinsic component of plasma membrane","1/12","271/25052",0.122383904003586,0.140488565730945,0.140488565730945,"NA",1
"GO:0031225","GO:0031225","anchored component of membrane","1/12","314/25052",0.140488565730945,0.140488565730945,0.140488565730945,"NA",1
