"","ID","Description","GeneRatio","BgRatio","pvalue","p.adjust","qvalue","geneID","Count"
"GO:0045177","GO:0045177","apical part of cell","2/73","25/25052",0.00240580341251373,0.0240580341251373,0.0177269725132591,"ATPIN1/OPS",2
"GO:0009505","GO:0009505","plant-type cell wall","4/73","235/25052",0.00495385796839992,0.0247692898419996,0.0182510556730524,"NA/SCPL45/ATPIN1/NA",4
"GO:0098590","GO:0098590","plasma membrane region","2/73","61/25052",0.0137173576706082,0.0457245255686939,0.0336917556821955,"ATPIN1/OPS",2
