"","ID","Description","GeneRatio","BgRatio","pvalue","p.adjust","qvalue","geneID","Count"
"GO:0010089","GO:0010089","xylem development","3/20","42/21826",7.38307266003666e-06,0.00115914240762575,0.000746078921435283,"AHP6/ANAC037/ANAC105",3
"GO:0048759","GO:0048759","xylem vessel member cell differentiation","2/20","11/21826",4.36584591059225e-05,0.00342718903981491,0.00220590109166766,"ANAC037/ANAC105",2
"GO:1905177","GO:1905177","tracheary element differentiation","2/20","17/21826",0.000107599934610062,0.00430787342770692,0.00277275125082041,"ANAC037/ANAC105",2
"GO:2000652","GO:2000652","regulation of secondary cell wall biogenesis","2/20","30/21826",0.000341711331059603,0.0107297357952715,0.00690616584878356,"ANAC037/ANAC105",2
"GO:1903338","GO:1903338","regulation of cell wall organization or biogenesis","2/20","46/21826",0.000805922644767067,0.0210883092047383,0.0135734340171296,"ANAC037/ANAC105",2
"GO:0044089","GO:0044089","positive regulation of cellular component biogenesis","2/20","57/21826",0.00123527278958837,0.0277054039950535,0.0178325094436818,"ANAC037/ANAC105",2
"GO:0071669","GO:0071669","plant-type cell wall organization or biogenesis","3/20","303/21826",0.00253485279315253,0.0497464860656184,0.0320191931766635,"ANAC037/QRT2/ANAC105",3
