"","ID","Description","GeneRatio","BgRatio","pvalue","p.adjust","qvalue","geneID","Count"
"GO:0009409","GO:0009409","response to cold","7/30","425/21826",1.39658958774125e-06,0.000319819015592746,0.000230804805553027,"ATCSP4/ATGRP7/AtGRF3/AtGRF5/ATDI21/AGL24/ATGRP8",7
"GO:0048366","GO:0048366","leaf development","5/30","399/21826",0.000194672301176616,0.0222899784847225,0.0160860796235414,"JAG/AtGRF3/AtGRF5/AN3/CRF3",5
"GO:0009739","GO:0009739","response to gibberellin","3/30","118/21826",0.000562202354626455,0.0429147797364861,0.0309704455004749,"AtGRF3/AtGRF5/AGL24",3
