"","ID","Description","GeneRatio","BgRatio","pvalue","p.adjust","qvalue","geneID","Count"
"GO:0005381","GO:0005381","iron ion transmembrane transporter activity","4/75","23/21809",1.0869372817392e-06,0.000110867602737399,8.46666935249484e-05,"ABS4/AtVTL2/ATFRD3/AtVTL5",4
"GO:0005342","GO:0005342","organic acid transmembrane transporter activity","6/75","121/21809",3.79291637963536e-06,0.000128959156907602,9.84827410852691e-05,"UMAMIT28/SIAR1/UMAMIT11/ATFRD3/NA/LHT7",6
"GO:0046943","GO:0046943","carboxylic acid transmembrane transporter activity","6/75","121/21809",3.79291637963536e-06,0.000128959156907602,9.84827410852691e-05,"UMAMIT28/SIAR1/UMAMIT11/ATFRD3/NA/LHT7",6
"GO:0008509","GO:0008509","anion transmembrane transporter activity","8/75","336/21809",2.00857010287263e-05,0.000409748300986016,0.000312914079184367,"UMAMIT28/SIAR1/PHO1;H1/UMAMIT11/ATFRD3/ATPHO1/NA/LHT7",8
"GO:0000822","GO:0000822","inositol hexakisphosphate binding","2/75","19/21809",0.00192121048354909,0.0195963469322008,0.0149652185034351,"PHO1;H1/ATPHO1",2
"GO:0005504","GO:0005504","fatty acid binding","2/75","21/21809",0.00234890753528636,0.0208373171123902,0.0159129150290699,"NA/NA",2
"GO:0008324","GO:0008324","cation transmembrane transporter activity","6/75","397/21809",0.00245144907204591,0.0208373171123902,0.0159129150290699,"UMAMIT28/ABS4/AtVTL2/UMAMIT11/ATFRD3/AtVTL5",6
"GO:0015114","GO:0015114","phosphate ion transmembrane transporter activity","2/75","28/21809",0.00416277839746752,0.0303288140386919,0.0231613234144809,"PHO1;H1/ATPHO1",2
