"","ID","Description","GeneRatio","BgRatio","pvalue","p.adjust","qvalue","geneID","Count"
"GO:0045177","GO:0045177","apical part of cell","2/72","25/25052",0.00234131939144684,0.0210718745230216,0.0172518270948715,"ATPIN1/OPS",2
"GO:0098590","GO:0098590","plasma membrane region","2/72","61/25052",0.0133622717812906,0.0601302230158075,0.0492294223521231,"ATPIN1/OPS",2
"GO:0016324","GO:0016324","apical plasma membrane","1/72","22/25052",0.0613814494083504,0.184144348225051,0.150761454687177,"OPS",1
"GO:0009505","GO:0009505","plant-type cell wall","2/72","235/25052",0.146602034706432,0.329854578089472,0.270056379722375,"NA/ATPIN1",2
"GO:0005887","GO:0005887","integral component of plasma membrane","1/72","97/25052",0.244003539512068,0.439206371121723,0.359584163491469,"ATLPP2",1
"GO:0016021","GO:0016021","integral component of membrane","2/72","418/25052",0.338561594946282,0.507842392419423,0.415777397302452,"ATLPP2/NA",2
"GO:0031226","GO:0031226","intrinsic component of plasma membrane","1/72","271/25052",0.543524912484585,0.669259429581983,0.547931696733787,"ATLPP2",1
"GO:0005802","GO:0005802","trans-Golgi network","1/72","312/25052",0.59489727073954,0.669259429581983,0.547931696733787,"FKD1",1
"GO:0098791","GO:0098791","Golgi apparatus subcompartment","1/72","390/25052",0.677386861612077,0.677386861612077,0.554585734653163,"FKD1",1
