"","ID","Description","GeneRatio","BgRatio","pvalue","p.adjust","qvalue","geneID","Count"
"GO:0012511","GO:0012511","monolayer-surrounded lipid storage body","1/18","22/25052",0.0156949663612129,0.0941697981672776,0.0660840688893176,"OLE3",1
"GO:0005811","GO:0005811","lipid droplet","1/18","49/25052",0.0346390637258388,0.103917191177516,0.0729243446859764,"OLE3",1
"GO:1990204","GO:1990204","oxidoreductase complex","1/18","141/25052",0.0966362967535852,0.175956925303163,0.123478544072395,"NA",1
"GO:0046658","GO:0046658","anchored component of plasma membrane","1/18","173/25052",0.117304616868775,0.175956925303163,0.123478544072395,"NA",1
"GO:0031226","GO:0031226","intrinsic component of plasma membrane","1/18","271/25052",0.177858398509804,0.203170146916054,0.142575541695476,"NA",1
"GO:0031225","GO:0031225","anchored component of membrane","1/18","314/25052",0.203170146916054,0.203170146916054,0.142575541695476,"NA",1
