"","ID","Description","GeneRatio","BgRatio","pvalue","p.adjust","qvalue","geneID","Count"
"GO:0031012","GO:0031012","extracellular matrix","1/44","21/25052",0.0362568553334642,0.288431884769559,0.269877786918886,"ATPSK2",1
"GO:0009505","GO:0009505","plant-type cell wall","2/44","235/25052",0.0640959743932354,0.288431884769559,0.269877786918886,"GASA1/Prx47",2
"GO:0005770","GO:0005770","late endosome","1/44","67/25052",0.111245516487165,0.30036372442728,0.281042081335467,"AtDTX50",1
"GO:0005887","GO:0005887","integral component of plasma membrane","1/44","97/25052",0.157046317163446,0.30036372442728,0.281042081335467,"ATRBOH",1
"GO:0016021","GO:0016021","integral component of membrane","2/44","418/25052",0.166868735792934,0.30036372442728,0.281042081335467,"ATRBOH/ABCB15",2
"GO:0031226","GO:0031226","intrinsic component of plasma membrane","1/44","271/25052",0.38058298121213,0.47946449460433,0.448621749337385,"ATRBOH",1
"GO:0048046","GO:0048046","apoplast","1/44","298/25052",0.409617302074282,0.47946449460433,0.448621749337385,"ATRALF1",1
"GO:0031225","GO:0031225","anchored component of membrane","1/44","314/25052",0.426190661870516,0.47946449460433,0.448621749337385,"BCP1",1
"GO:0005768","GO:0005768","endosome","1/44","417/25052",0.522504508904891,0.522504508904891,0.488893107747266,"AtDTX50",1
