"","ID","Description","GeneRatio","BgRatio","pvalue","p.adjust","qvalue","geneID","Count"
"GO:0000122","GO:0000122","negative regulation of transcription by RNA polymerase II","4/73","48/21826",2.00449844343177e-05,0.00273550108828012,0.00233405898457562,"GRXS6/GRXC11/GRXS5/ROXY10",4
"GO:0003008","GO:0003008","system process","3/73","21/21826",4.57186811411719e-05,0.00273550108828012,0.00233405898457562,"ATSUC2/NAKR1/AAP2",3
"GO:0003013","GO:0003013","circulatory system process","3/73","21/21826",4.57186811411719e-05,0.00273550108828012,0.00233405898457562,"ATSUC2/NAKR1/AAP2",3
"GO:0003018","GO:0003018","vascular process in circulatory system","3/73","21/21826",4.57186811411719e-05,0.00273550108828012,0.00233405898457562,"ATSUC2/NAKR1/AAP2",3
"GO:0010232","GO:0010232","vascular transport","3/73","21/21826",4.57186811411719e-05,0.00273550108828012,0.00233405898457562,"ATSUC2/NAKR1/AAP2",3
"GO:0010233","GO:0010233","phloem transport","3/73","21/21826",4.57186811411719e-05,0.00273550108828012,0.00233405898457562,"ATSUC2/NAKR1/AAP2",3
"GO:0030001","GO:0030001","metal ion transport","6/73","269/21826",0.000282697962327722,0.0144983669250931,0.012370692787574,"FEP2/FEP3/NA/NAKR1/HIPP21/NA",6
"GO:0043270","GO:0043270","positive regulation of ion transport","2/73","11/21826",0.000595129086208022,0.0237390379942978,0.0202552706533958,"FEP2/FEP3",2
"GO:1990641","GO:1990641","response to iron ion starvation","2/73","13/21826",0.000840352429753,0.0301686522281327,0.0257413217955919,"FEP2/FEP3",2
