"","ID","Description","GeneRatio","BgRatio","pvalue","p.adjust","qvalue","geneID","Count"
"GO:0009044","GO:0009044","xylan 1,4-beta-xylosidase activity","2/77","12/21809",0.000793668097354828,0.0336897440644437,0.0261046262487648,"ATXYL1/ATBXL4",2
"GO:0016872","GO:0016872","intramolecular lyase activity","2/77","12/21809",0.000793668097354828,0.0336897440644437,0.0261046262487648,"A11/AtCHIL",2
"GO:0046556","GO:0046556","alpha-L-arabinofuranosidase activity","2/77","12/21809",0.000793668097354828,0.0336897440644437,0.0261046262487648,"ATXYL1/ATBXL4",2
"GO:0016207","GO:0016207","4-coumarate-CoA ligase activity","2/77","13/21809",0.000935826224012325,0.0336897440644437,0.0261046262487648,"4CL.1/4CL3",2
