"","ID","Description","GeneRatio","BgRatio","pvalue","p.adjust","qvalue","geneID","Count"
"GO:0005874","GO:0005874","microtubule","4/79","169/25052",0.00202631552290137,0.0275598880188557,0.0232083267527206,"TUB5/TUB1/WDL3/IQD16",4
"GO:0099081","GO:0099081","supramolecular polymer","4/79","184/25052",0.00275598880188557,0.0275598880188557,0.0232083267527206,"TUB5/TUB1/WDL3/IQD16",4
"GO:0099512","GO:0099512","supramolecular fiber","4/79","184/25052",0.00275598880188557,0.0275598880188557,0.0232083267527206,"TUB5/TUB1/WDL3/IQD16",4
"GO:0099513","GO:0099513","polymeric cytoskeletal fiber","4/79","184/25052",0.00275598880188557,0.0275598880188557,0.0232083267527206,"TUB5/TUB1/WDL3/IQD16",4
