"","ID","Description","GeneRatio","BgRatio","pvalue","p.adjust","qvalue","geneID","Count"
"GO:0005976","GO:0005976","polysaccharide metabolic process","8/69","442/21826",7.53315848101135e-05,0.024664576474223,0.0202306847362048,"AtERF014/NA/NA/AtMSR1/AT-BETA-AMY/ATXTH18/XTH7/NA",8
"GO:0045488","GO:0045488","pectin metabolic process","5/69","167/21826",0.000186925834375423,0.024664576474223,0.0202306847362048,"AtERF014/NA/NA/AtMSR1/NA",5
"GO:0010393","GO:0010393","galacturonan metabolic process","5/69","168/21826",0.000192191504993945,0.024664576474223,0.0202306847362048,"AtERF014/NA/NA/AtMSR1/NA",5
"GO:0001558","GO:0001558","regulation of cell growth","4/69","116/21826",0.000501757121630374,0.0409526683856597,0.0335907054427831,"WDL3/TRM5/AtLNG1/AtSAUR76",4
"GO:0006538","GO:0006538","glutamate catabolic process","2/69","11/21826",0.000531852836177399,0.0409526683856597,0.0335907054427831,"GAD2/GDH1",2
