"","ID","Description","GeneRatio","BgRatio","pvalue","p.adjust","qvalue","geneID","Count"
"GO:0045488","GO:0045488","pectin metabolic process","6/74","167/21826",2.20957807679303e-05,0.00457062384971637,0.00411356146474473,"AtERF014/NA/NA/AtMSR1/AtPME41/NA",6
"GO:0010393","GO:0010393","galacturonan metabolic process","6/74","168/21826",2.28531192485818e-05,0.00457062384971637,0.00411356146474473,"AtERF014/NA/NA/AtMSR1/AtPME41/NA",6
"GO:0000272","GO:0000272","polysaccharide catabolic process","5/74","143/21826",0.00012608414918908,0.0140290568138969,0.0126261511325072,"NA/NA/AtPME41/AT-BETA-AMY/NA",5
"GO:0016052","GO:0016052","carbohydrate catabolic process","6/74","233/21826",0.000140290568138969,0.0140290568138969,0.0126261511325072,"NA/FBA6/NA/AtPME41/AT-BETA-AMY/NA",6
"GO:0006538","GO:0006538","glutamate catabolic process","2/74","11/21826",0.000611492290199752,0.0407661526799835,0.0366895374119851,"GAD2/GDH1",2
