"","ID","Description","GeneRatio","BgRatio","pvalue","p.adjust","qvalue","geneID","Count"
"GO:0030133","GO:0030133","transport vesicle","1/31","56/25052",0.0670606153618384,0.316859959152524,0.316859959152524,"MyoB1",1
"GO:0009705","GO:0009705","plant-type vacuole membrane","1/31","129/25052",0.147972543217984,0.316859959152524,0.316859959152524,"DELTA-TIP2",1
"GO:0000325","GO:0000325","plant-type vacuole","1/31","177/25052",0.197428244389729,0.316859959152524,0.316859959152524,"DELTA-TIP2",1
"GO:0009505","GO:0009505","plant-type cell wall","1/31","235/25052",0.253487967322019,0.316859959152524,0.316859959152524,"NA",1
"GO:0016021","GO:0016021","integral component of membrane","1/31","418/25052",0.406621700734462,0.406621700734462,0.406621700734462,"MyoB1",1
