"","ID","Description","GeneRatio","BgRatio","pvalue","p.adjust","qvalue","geneID","Count"
"GO:0016168","GO:0016168","chlorophyll binding","2/32","21/21809",0.00043044092512979,0.0219524871816193,0.0194831155585063,"LHB1B1/LHCB2",2
"GO:0045735","GO:0045735","nutrient reservoir activity","2/32","43/21809",0.0018139953408989,0.044912534206455,0.0398604534752851,"ATGER1/ATGER3",2
"GO:0030145","GO:0030145","manganese ion binding","2/32","52/21809",0.00264191377685029,0.044912534206455,0.0398604534752851,"ATGER1/ATGER3",2
