"","ID","Description","GeneRatio","BgRatio","pvalue","p.adjust","qvalue","geneID","Count"
"GO:0004568","GO:0004568","chitinase activity","4/30","23/21809",2.52889719812479e-08,1.49204934689363e-06,1.06479882026307e-06,"NA/NA/NA/ChiC",4
"GO:0015103","GO:0015103","inorganic anion transmembrane transporter activity","3/30","126/21809",0.000682072373802031,0.0110072591041577,0.00785531425809647,"NIP6/ATPT2/AtNIP5;1",3
"GO:0008509","GO:0008509","anion transmembrane transporter activity","4/30","336/21809",0.00110520947086709,0.0110072591041577,0.00785531425809647,"NIP6/ATPT2/AtNIP5;1/AtLHT1",4
"GO:0005372","GO:0005372","water transmembrane transporter activity","2/30","36/21809",0.00111938228177875,0.0110072591041577,0.00785531425809647,"NIP6/AtNIP5;1",2
"GO:0015250","GO:0015250","water channel activity","2/30","36/21809",0.00111938228177875,0.0110072591041577,0.00785531425809647,"NIP6/AtNIP5;1",2
