"","ID","Description","GeneRatio","BgRatio","pvalue","p.adjust","qvalue","geneID","Count"
"GO:0016998","GO:0016998","cell wall macromolecule catabolic process","3/32","33/21826",1.51585784624706e-05,0.00236473824014541,0.00189881140740421,"NA/NA/NA",3
"GO:0006026","GO:0006026","aminoglycan catabolic process","2/32","16/21826",0.000246713501375355,0.00544201119315058,0.00436976607277273,"NA/ChiC",2
"GO:0006030","GO:0006030","chitin metabolic process","2/32","16/21826",0.000246713501375355,0.00544201119315058,0.00436976607277273,"NA/ChiC",2
"GO:0006032","GO:0006032","chitin catabolic process","2/32","16/21826",0.000246713501375355,0.00544201119315058,0.00436976607277273,"NA/ChiC",2
"GO:0046348","GO:0046348","amino sugar catabolic process","2/32","16/21826",0.000246713501375355,0.00544201119315058,0.00436976607277273,"NA/ChiC",2
"GO:1901072","GO:1901072","glucosamine-containing compound catabolic process","2/32","16/21826",0.000246713501375355,0.00544201119315058,0.00436976607277273,"NA/ChiC",2
"GO:1901136","GO:1901136","carbohydrate derivative catabolic process","3/32","87/21826",0.000279077497084645,0.00544201119315058,0.00436976607277273,"BGLU33/NA/ChiC",3
"GO:0006022","GO:0006022","aminoglycan metabolic process","2/32","21/21826",0.00042977647128248,0.00744945883556299,0.0059816842201889,"NA/ChiC",2
"GO:1901071","GO:1901071","glucosamine-containing compound metabolic process","2/32","25/21826",0.00061172258129181,0.00954287226815223,0.0076626302288132,"NA/ChiC",2
