"","ID","Description","GeneRatio","BgRatio","pvalue","p.adjust","qvalue","geneID","Count"
"GO:0099503","GO:0099503","secretory vesicle","5/35","173/25052",4.0678639279336e-06,3.66107753514024e-05,3.42556962352303e-05,"AtBBE10/ATPDI6/NA/NA/ChiC",5
"GO:0005615","GO:0005615","extracellular space","1/35","130/25052",0.166581284792254,0.444503963857269,0.415910141620836,"AtCAPE8",1
"GO:0046658","GO:0046658","anchored component of plasma membrane","1/35","173/25052",0.215493933750041,0.444503963857269,0.415910141620836,"NHL1",1
"GO:0031226","GO:0031226","intrinsic component of plasma membrane","1/35","271/25052",0.316777816504167,0.444503963857269,0.415910141620836,"NHL1",1
"GO:0048046","GO:0048046","apoplast","1/35","298/25052",0.34237224132774,0.444503963857269,0.415910141620836,"CLE1",1
"GO:0005802","GO:0005802","trans-Golgi network","1/35","312/25052",0.355274232315577,0.444503963857269,0.415910141620836,"AGM2",1
"GO:0031225","GO:0031225","anchored component of membrane","1/35","314/25052",0.357097182639691,0.444503963857269,0.415910141620836,"NHL1",1
"GO:0098791","GO:0098791","Golgi apparatus subcompartment","1/35","390/25052",0.42277797110461,0.444503963857269,0.415910141620836,"AGM2",1
"GO:0005768","GO:0005768","endosome","1/35","417/25052",0.444503963857269,0.444503963857269,0.415910141620836,"AGM2",1
