"","ID","Description","GeneRatio","BgRatio","pvalue","p.adjust","qvalue","geneID","Count"
"GO:0045239","GO:0045239","tricarboxylic acid cycle enzyme complex","1/41","16/25052",0.025874214557953,0.12945698823799,0.0973360813819473,"FUM2",1
"GO:0033178","GO:0033178","proton-transporting two-sector ATPase complex, catalytic domain","1/41","23/25052",0.03698771092514,0.12945698823799,0.0973360813819473,"VHA-E3",1
"GO:0009505","GO:0009505","plant-type cell wall","2/41","235/25052",0.0565727356068155,0.132003049749236,0.0992504133452904,"EXL1/NA",2
"GO:0016469","GO:0016469","proton-transporting two-sector ATPase complex","1/41","52/25052",0.0817261189837377,0.143020708221541,0.107534367083865,"VHA-E3",1
"GO:0099503","GO:0099503","secretory vesicle","1/41","173/25052",0.247490053501568,0.346486074902195,0.260515845791124,"NA",1
"GO:0048046","GO:0048046","apoplast","1/41","298/25052",0.38800057985646,0.45266734316587,0.340351385839,"NA",1
"GO:0005730","GO:0005730","nucleolus","1/41","486/25052",0.55239772012912,0.55239772012912,0.41533663167603,"SAUR66",1
