"","ID","Description","GeneRatio","BgRatio","pvalue","p.adjust","qvalue","geneID","Count"
"GO:0009651","GO:0009651","response to salt stress","11/81","483/21826",1.67084347793921e-06,0.000476190391212676,0.000439695652089267,"ESL1/ATOCT6/AtNCL/AtGolS2/BGLU25/ATCML9/SIS/HHP1/SIED1/FAR1/COR78",11
"GO:0009415","GO:0009415","response to water","9/81","407/21826",1.99056464061649e-05,0.0028365546128785,0.00261916400081118,"AtLEA14/ESL1/ATOCT6/AtGolS2/AtPUB23/GPDHC1/ATCML9/RS5/COR78",9
"GO:0001101","GO:0001101","response to acid chemical","9/81","438/21826",3.53569300704358e-05,0.0033589083566914,0.00310148509389788,"AtLEA14/ESL1/ATOCT6/AtGolS2/AtPUB23/GPDHC1/ATCML9/RS5/COR78",9
