"","ID","Description","GeneRatio","BgRatio","pvalue","p.adjust","qvalue","geneID","Count"
"GO:0080008","GO:0080008","Cul4-RING E3 ubiquitin ligase complex","1/26","130/25052",0.126579671087183,0.376982942905514,0.376982942905514,"NA",1
"GO:0031461","GO:0031461","cullin-RING ubiquitin ligase complex","1/26","241/25052",0.222332867065999,0.376982942905514,0.376982942905514,"NA",1
"GO:0000151","GO:0000151","ubiquitin ligase complex","1/26","318/25052",0.282737207179136,0.376982942905514,0.376982942905514,"NA",1
"GO:0005654","GO:0005654","nucleoplasm","1/26","473/25052",0.390942251427831,0.390942251427831,0.390942251427831,"AS2",1
