"","ID","Description","GeneRatio","BgRatio","pvalue","p.adjust","qvalue","geneID","Count"
"GO:0098590","GO:0098590","plasma membrane region","1/32","61/25052",0.0750922855870049,0.358058491939903,0.358058491939903,"SOK2",1
"GO:0005615","GO:0005615","extracellular space","1/32","130/25052",0.153453639402815,0.358058491939903,0.358058491939903,"CLEL",1
"GO:0080008","GO:0080008","Cul4-RING E3 ubiquitin ligase complex","1/32","130/25052",0.153453639402815,0.358058491939903,0.358058491939903,"NA",1
"GO:0009505","GO:0009505","plant-type cell wall","1/32","235/25052",0.260499290917371,0.372683776204228,0.372683776204228,"EXL2",1
"GO:0031461","GO:0031461","cullin-RING ubiquitin ligase complex","1/32","241/25052",0.266202697288734,0.372683776204228,0.372683776204228,"NA",1
"GO:0000151","GO:0000151","ubiquitin ligase complex","1/32","318/25052",0.335718944904304,0.391672102388354,0.391672102388354,"NA",1
"GO:0005654","GO:0005654","nucleoplasm","1/32","473/25052",0.456834472882198,0.456834472882198,0.456834472882198,"AS2",1
