"","ID","Description","GeneRatio","BgRatio","pvalue","p.adjust","qvalue","geneID","Count"
"GO:0000322","GO:0000322","storage vacuole","2/70","12/25052",0.000498843099272102,0.00648496029053733,0.00577607799157171,"GAMMA-TIP/AQP1",2
"GO:0000326","GO:0000326","protein storage vacuole","2/70","12/25052",0.000498843099272102,0.00648496029053733,0.00577607799157171,"GAMMA-TIP/AQP1",2
