"","ID","Description","GeneRatio","BgRatio","pvalue","p.adjust","qvalue","geneID","Count"
"GO:1905392","GO:1905392","plant organ morphogenesis","8/38","445/21826",8.01876294368592e-07,9.75220621778678e-05,7.14306332618593e-05,"AIR3/DROP1/TCP10/ATAIG1/ATHB51/TCP17/AGAL2/TCP5",8
"GO:0010016","GO:0010016","shoot system morphogenesis","6/38","199/21826",1.15340562993266e-06,9.75220621778678e-05,7.14306332618593e-05,"TCP10/ATHB51/TCP17/AGAL2/TCP5/ERL1",6
"GO:0040034","GO:0040034","regulation of development, heterochronic","4/38","49/21826",1.56420313023823e-06,9.75220621778678e-05,7.14306332618593e-05,"TCP10/ATHB51/TCP17/TCP5",4
"GO:0009965","GO:0009965","leaf morphogenesis","5/38","115/21826",1.62536770296446e-06,9.75220621778678e-05,7.14306332618593e-05,"TCP10/ATHB51/TCP17/AGAL2/TCP5",5
"GO:0009938","GO:0009938","negative regulation of gibberellic acid mediated signaling pathway","2/38","16/21826",0.000348780851877797,0.0129684372313375,0.00949881148084806,"AtSTY1/SRS2",2
"GO:0048440","GO:0048440","carpel development","3/38","81/21826",0.00037824608591401,0.0129684372313375,0.00949881148084806,"AtSTY1/SRS2/ERL1",3
"GO:0010252","GO:0010252","auxin homeostasis","2/38","39/21826",0.00210003918779029,0.0415428917461429,0.0304283461473942,"AtSTY1/SRS2",2
