"","ID","Description","GeneRatio","BgRatio","pvalue","p.adjust","qvalue","geneID","Count"
"GO:0009505","GO:0009505","plant-type cell wall","2/36","235/25052",0.0447987738992972,0.223993869496486,0.188626416418093,"ATEXP4/AGAL2",2
"GO:0099503","GO:0099503","secretory vesicle","1/36","173/25052",0.220919026665309,0.45456157638315,0.3827886959016,"AGAL2",1
"GO:0048046","GO:0048046","apoplast","1/36","298/25052",0.350205837365808,0.45456157638315,0.3827886959016,"AGAL2",1
"GO:0031225","GO:0031225","anchored component of membrane","1/36","314/25052",0.365166554852631,0.45456157638315,0.3827886959016,"AGP25",1
"GO:0016021","GO:0016021","integral component of membrane","1/36","418/25052",0.45456157638315,0.45456157638315,0.3827886959016,"AHA1",1
