"","ID","Description","GeneRatio","BgRatio","pvalue","p.adjust","qvalue","geneID","Count"
"GO:0045177","GO:0045177","apical part of cell","2/69","25/25052",0.00215289578535429,0.0193760620681886,0.0158634426289264,"ATPIN1/OPS",2
"GO:0098590","GO:0098590","plasma membrane region","2/69","61/25052",0.012321716579409,0.0554477246073404,0.0453957979241383,"ATPIN1/OPS",2
"GO:0016324","GO:0016324","apical plasma membrane","1/69","22/25052",0.0588973371176078,0.176692011352823,0.144660126253774,"OPS",1
"GO:0009505","GO:0009505","plant-type cell wall","2/69","235/25052",0.136954999594988,0.308148749088724,0.252285525569716,"NA/ATPIN1",2
"GO:0005887","GO:0005887","integral component of plasma membrane","1/69","97/25052",0.235128570272351,0.423231426490233,0.346505261453992,"ATLPP2",1
"GO:0016021","GO:0016021","integral component of membrane","2/69","418/25052",0.320224751210615,0.480337126815923,0.393258466399001,"ATLPP2/NA",2
"GO:0031226","GO:0031226","intrinsic component of plasma membrane","1/69","271/25052",0.528341429366321,0.651748656889872,0.533595391605743,"ATLPP2",1
"GO:0005802","GO:0005802","trans-Golgi network","1/69","312/25052",0.579332139457664,0.651748656889872,0.533595391605743,"FKD1",1
"GO:0098791","GO:0098791","Golgi apparatus subcompartment","1/69","390/25052",0.661793374174363,0.661793374174363,0.541819136750941,"FKD1",1
