"","ID","Description","GeneRatio","BgRatio","pvalue","p.adjust","qvalue","geneID","Count"
"GO:0045239","GO:0045239","tricarboxylic acid cycle enzyme complex","1/42","16/25052",0.0264973808674595,0.1009954468671,0.0664443729388817,"FUM2",1
"GO:0099503","GO:0099503","secretory vesicle","2/42","173/25052",0.0340818310988899,0.1009954468671,0.0664443729388817,"NA/SKS6",2
"GO:0033178","GO:0033178","proton-transporting two-sector ATPase complex, catalytic domain","1/42","23/25052",0.0378732925751626,0.1009954468671,0.0664443729388817,"VHA-E3",1
"GO:0009505","GO:0009505","plant-type cell wall","2/42","235/25052",0.0590440900056357,0.118088180011271,0.0776895921126785,"EXL1/NA",2
"GO:0016469","GO:0016469","proton-transporting two-sector ATPase complex","1/42","52/25052",0.0836352886216107,0.118714357014974,0.0781015506677461,"VHA-E3",1
"GO:0048046","GO:0048046","apoplast","2/42","298/25052",0.0890357677612305,0.118714357014974,0.0781015506677461,"NA/SKS6",2
"GO:0005615","GO:0005615","extracellular space","1/42","130/25052",0.196432101815702,0.224493830646517,0.147693309635866,"CLEL",1
"GO:0005730","GO:0005730","nucleolus","1/42","486/25052",0.561095281522797,0.561095281522797,0.369141632580787,"SAUR66",1
