"","ID","Description","GeneRatio","BgRatio","pvalue","p.adjust","qvalue","geneID","Count"
"GO:0009505","GO:0009505","plant-type cell wall","2/38","235/25052",0.0493880192547442,0.246940096273721,0.207949554756818,"NA/sks9",2
"GO:0005615","GO:0005615","extracellular space","1/38","130/25052",0.179506897721029,0.390448307600725,0.328798574821663,"PR-1-LIKE",1
"GO:0048046","GO:0048046","apoplast","1/38","298/25052",0.365595119148361,0.390448307600725,0.328798574821663,"AtPMEI11",1
"GO:0005777","GO:0005777","peroxisome","1/38","324/25052",0.390448307600725,0.390448307600725,0.328798574821663,"PLA",1
"GO:0042579","GO:0042579","microbody","1/38","324/25052",0.390448307600725,0.390448307600725,0.328798574821663,"PLA",1
