"","ID","Description","GeneRatio","BgRatio","pvalue","p.adjust","qvalue","geneID","Count"
"GO:0048046","GO:0048046","apoplast","7/98","298/25052",0.000172492030900323,0.00724466529781357,0.00689968123601293,"NA/NA/NA/NA/AtENODL2/ATGER3/BGAL6",7
"GO:0099503","GO:0099503","secretory vesicle","5/98","173/25052",0.000599521483104701,0.0125899511451987,0.011990429662094,"NA/NA/AtENODL2/ATGER3/DIR1-like",5
"GO:0031012","GO:0031012","extracellular matrix","2/98","21/25052",0.00303037363130106,0.0424252308382148,0.0404049817506808,"ATGER1/ATGER3",2
