"","ID","Description","GeneRatio","BgRatio","pvalue","p.adjust","qvalue","geneID","Count"
"GO:0031225","GO:0031225","anchored component of membrane","6/37","314/25052",6.19508279355968e-06,3.71704967613581e-05,1.95634193480832e-05,"NA/AtENODL9/LTPG5/NA/NA/NA",6
"GO:0046658","GO:0046658","anchored component of plasma membrane","4/37","173/25052",0.000121414600609959,0.000364243801829876,0.000191707264120987,"NA/AtENODL9/NA/NA",4
"GO:0031226","GO:0031226","intrinsic component of plasma membrane","4/37","271/25052",0.000667899208982455,0.00133579841796491,0.0007030517989289,"NA/AtENODL9/NA/NA",4
"GO:0005643","GO:0005643","nuclear pore","1/37","45/25052",0.0644020245448002,0.0966030368172002,0.0508437035880001,"NTL",1
"GO:0005635","GO:0005635","nuclear envelope","1/37","108/25052",0.147829157413217,0.177394988895861,0.0933657836294004,"NTL",1
"GO:0048046","GO:0048046","apoplast","1/37","298/25052",0.357946429805246,0.357946429805246,0.188392857792235,"CLE26",1
