"","ID","Description","GeneRatio","BgRatio","pvalue","p.adjust","qvalue","geneID","Count"
"GO:0031012","GO:0031012","extracellular matrix","1/43","21/25052",0.0354469223241006,0.276984611870016,0.25916688829943,"ATPSK2",1
"GO:0009505","GO:0009505","plant-type cell wall","2/43","235/25052",0.0615521359711146,0.276984611870016,0.25916688829943,"GASA1/Prx47",2
"GO:0005770","GO:0005770","late endosome","1/43","67/25052",0.108858115701529,0.289730226380386,0.271092609478724,"AtDTX50",1
"GO:0005887","GO:0005887","integral component of plasma membrane","1/43","97/25052",0.153764103481882,0.289730226380386,0.271092609478724,"ATRBOH",1
"GO:0016021","GO:0016021","integral component of membrane","2/43","418/25052",0.160961236877992,0.289730226380386,0.271092609478724,"ATRBOH/ABCB15",2
"GO:0031226","GO:0031226","intrinsic component of plasma membrane","1/43","271/25052",0.373797387708553,0.471256430271703,0.440941689143114,"ATRBOH",1
"GO:0048046","GO:0048046","apoplast","1/43","298/25052",0.402497636986594,0.471256430271703,0.440941689143114,"ATRALF1",1
"GO:0031225","GO:0031225","anchored component of membrane","1/43","314/25052",0.418894604685958,0.471256430271703,0.440941689143114,"BCP1",1
"GO:0005768","GO:0005768","endosome","1/43","417/25052",0.514407744925277,0.514407744925277,0.481317188234177,"AtDTX50",1
