"","ID","Description","GeneRatio","BgRatio","pvalue","p.adjust","qvalue","geneID","Count"
"GO:0009813","GO:0009813","flavonoid biosynthetic process","5/29","78/21826",5.68312795777018e-08,1.34690132599153e-05,9.93051832620895e-06,"ATRHM1/BRT1/A11/AtCHIL/ATMYB111",5
"GO:0009812","GO:0009812","flavonoid metabolic process","5/29","94/21826",1.45612867590636e-07,1.72551248094904e-05,1.27219663263398e-05,"ATRHM1/BRT1/A11/AtCHIL/ATMYB111",5
"GO:0009733","GO:0009733","response to auxin","6/29","337/21826",4.56167512839904e-06,0.000360372335143524,0.00026569756888219,"ATRHM1/SAUR26/A11/SAUR16/AIL5/ATHB53",6
"GO:0009943","GO:0009943","adaxial/abaxial axis specification","3/29","28/21826",6.75612479886912e-06,0.000400300394332995,0.000295135978055862,"AS2/ATHB-14/ZPR1",3
"GO:0009411","GO:0009411","response to UV","4/29","126/21826",2.24869850601414e-05,0.000888235909875587,0.000654884126312891,"4CL3/DRT100/A11/ATMYB111",4
"GO:0048437","GO:0048437","floral organ development","4/29","255/21826",0.000343447765512977,0.00581408003046968,0.00428664128384618,"HDG12/AS2/ATHB-14/ATWRKY70",4
"GO:0080167","GO:0080167","response to karrikin","3/29","127/21826",0.000629388743105215,0.00877441953623153,0.00646925890745918,"BRT1/A11/AtCHIL",3
"GO:0046148","GO:0046148","pigment biosynthetic process","3/29","149/21826",0.00100019970719821,0.0131692961447765,0.00970954101724582,"ATRHM1/BRT1/ATMYB111",3
