"","ID","Description","GeneRatio","BgRatio","pvalue","p.adjust","qvalue","geneID","Count"
"GO:0009651","GO:0009651","response to salt stress","11/81","483/21826",1.67084347793921e-06,0.000524644852072913,0.000478388869473122,"ESL1/ATOCT6/AtNCL/AtGolS2/BGLU25/ATCML9/SIS/HHP1/SIED1/FAR1/COR78",11
"GO:0009415","GO:0009415","response to water","9/81","407/21826",1.99056464061649e-05,0.00312518648576789,0.00284965043288256,"AtLEA14/ESL1/ATOCT6/AtGolS2/AtPUB23/GPDHC1/ATCML9/RS5/COR78",9
"GO:0001101","GO:0001101","response to acid chemical","9/81","438/21826",3.53569300704358e-05,0.00370069201403895,0.00337441578216089,"AtLEA14/ESL1/ATOCT6/AtGolS2/AtPUB23/GPDHC1/ATCML9/RS5/COR78",9
"GO:0009620","GO:0009620","response to fungus","7/81","374/21826",0.00048042619084774,0.0301707647852381,0.0275107208232811,"AtLEA14/LACS2/At17.1/ATBFRUCT1/MO1/NA/AtDMR6",7
"GO:1901568","GO:1901568","fatty acid derivative metabolic process","3/81","50/21826",0.000851113100450127,0.0445415855902233,0.0406145198811289,"KCS1/LACS2/FAR1",3
