"","ID","Description","GeneRatio","BgRatio","pvalue","p.adjust","qvalue","geneID","Count"
"GO:0034976","GO:0034976","response to endoplasmic reticulum stress","4/44","97/21826",4.34164731264125e-05,0.0112014500666144,0.00936881788517322,"AtCRT1b/ATPDI5/AtCRT1a/ATPDI11",4
"GO:0071555","GO:0071555","cell wall organization","5/44","283/21826",0.000254002778860586,0.0327663584730156,0.0274055629823264,"ATROPGEF4/PAE8/AtGH9B18/ATEXP9/ATPMEPCRF",5
"GO:0006457","GO:0006457","protein folding","4/44","181/21826",0.000479324264719368,0.0335614675959548,0.0280705869325612,"AtCRT1b/ATPDI5/AtCRT1a/SES1",4
