"","ID","Description","GeneRatio","BgRatio","pvalue","p.adjust","qvalue","geneID","Count"
"GO:0099503","GO:0099503","secretory vesicle","7/135","173/25052",4.37095365559625e-05,0.00170467192568254,0.0015183312698387,"sks5/ARPN/PLAT2/AtHsp90-7/ATPLAT1/ML3/AtXTH22",7
"GO:0048046","GO:0048046","apoplast","8/135","298/25052",0.000219183208688875,0.00427407256943307,0.0038068662561752,"GDSL1/sks5/NA/ARPN/ATGSTF10/NA/ATCAD9/ATSBT1.3",8
"GO:0010168","GO:0010168","ER body","2/135","12/25052",0.00183630301769729,0.0238719392300648,0.0212624559943897,"NA/ML3",2
