"","ID","Description","GeneRatio","BgRatio","pvalue","p.adjust","qvalue","geneID","Count"
"GO:0030570","GO:0030570","pectate lyase activity","3/63","25/21809",5.04924001094303e-05,0.00525120961138076,0.00425199158816256,"NA/NA/NA",3
"GO:0102483","GO:0102483","scopolin beta-glucosidase activity","3/63","44/21809",0.000279592533491436,0.00969254116103645,0.00784821146642627,"BGLU45/BGLU15/AtBGLU10",3
