"","ID","Description","GeneRatio","BgRatio","pvalue","p.adjust","qvalue","geneID","Count"
"GO:0045488","GO:0045488","pectin metabolic process","6/66","167/21826",1.13978059400297e-05,0.00199876765987771,0.00178744010571272,"AtERF014/NA/NA/AtMSR1/AtPME41/NA",6
"GO:0010393","GO:0010393","galacturonan metabolic process","6/66","168/21826",1.17921395862992e-05,0.00199876765987771,0.00178744010571272,"AtERF014/NA/NA/AtMSR1/AtPME41/NA",6
"GO:0000272","GO:0000272","polysaccharide catabolic process","5/66","143/21826",7.29465800492327e-05,0.00824296354556329,0.0073714438786593,"NA/NA/AtPME41/AT-BETA-AMY/NA",5
"GO:0006538","GO:0006538","glutamate catabolic process","2/66","11/21826",0.000486686176334514,0.0274977689629001,0.0245904594358491,"GAD2/GDH1",2
"GO:0043649","GO:0043649","dicarboxylic acid catabolic process","2/66","14/21826",0.000800540719476072,0.0339229129877986,0.0303362798959354,"GAD2/GDH1",2
