"","ID","Description","GeneRatio","BgRatio","pvalue","p.adjust","qvalue","geneID","Count"
"GO:0000322","GO:0000322","storage vacuole","2/60","12/25052",0.000366585944440092,0.00403244538884102,0.00347291947364298,"GAMMA-TIP/AQP1",2
"GO:0000326","GO:0000326","protein storage vacuole","2/60","12/25052",0.000366585944440092,0.00403244538884102,0.00347291947364298,"GAMMA-TIP/AQP1",2
